Requêtes les plus fréquentes,Clics,Impressions,CTR,Position
mini gsm,179,7551,2.37%,3.78
a1466,107,3120,3.43%,16.62
macbook air a1466,84,7170,1.17%,26.69
hp hq-tre 71025 fiche technique,72,874,8.24%,4.11
hp hq-tre 71025,62,2614,2.37%,8.49
imaq iptv,59,997,5.92%,5.91
macbook a1466,50,1673,2.99%,28.02
hp hq tre 71025,49,2413,2.03%,14.92
zte blade l210,40,2085,1.92%,9.83
décodeur tiger,33,453,7.28%,1.18
a1466 macbook air,30,890,3.37%,13.91
imaq 820 iptv,29,178,16.29%,3.95
apple a1466,24,628,3.82%,10.11
telecommande iptv,23,5496,0.42%,8.47
tiger star,23,675,3.41%,3.59
klipad hybride 2 en 1,19,174,10.92%,5.47
mini telefoon,18,1560,1.15%,8.32
hp hq-tre 71025 boeblingen germany,18,669,2.69%,10.83
smartwatch pro,18,625,2.88%,10.77
klipad tablet,15,605,2.48%,6.39
decodeur tiger,13,126,10.32%,1.35
télécommande iptv,12,1875,0.64%,10.31
recepteur tiger,12,401,2.99%,5.21
mini telephone,11,1734,0.63%,7.03
mini gsm phone,11,449,2.45%,3.29
mac a1466,11,363,3.03%,15.98
hp hq-tre 71025 prix,11,324,3.4%,7.77
leason drone,10,388,2.58%,3.63
récepteur tiger,10,239,4.18%,3.26
imaq tv box,10,120,8.33%,8.1
nokia 3310 nieuw,9,1180,0.76%,11.01
tablette hybride 2 en 1 klipad,8,1177,0.68%,9.64
gsm 3310,8,776,1.03%,3.76
zte blade l210 prix,8,430,1.86%,7.36
macbook air 13 a1466,8,191,4.19%,16.82
nokia gsm,7,5912,0.12%,17.99
klipad,7,3061,0.23%,11.34
gsm nokia 3310,7,2349,0.3%,8.38
samsung e1200,7,772,0.91%,33.16
télécommande universelle iptv,7,607,1.15%,8.91
commande iptv,7,440,1.59%,10.9
klipad 2 en 1,7,412,1.7%,8.93
imaq tv,7,171,4.09%,9.41
mag 322 prix,7,159,4.4%,8.89
tiger iptv box,7,134,5.22%,9.75
gsm nokia,6,6874,0.09%,15.1
kleine gsm,6,1714,0.35%,7.6
nokia 3310 nouveau,6,1690,0.36%,8.56
soundlink mini,6,515,1.17%,23.74
nokia gsm 3310,6,512,1.17%,8.07
tiger recepteur,6,272,2.21%,3.12
minigsm,6,104,5.77%,6.1
sony cyber shot 14.1 megapixels,5,675,0.74%,16.99
iptv telecommande,5,494,1.01%,10.21
musyl,5,303,1.65%,4.06
3310 nouveau,5,245,2.04%,7.43
zte mf910,5,227,2.2%,36.78
hp tre 71025,5,226,2.21%,11.12
télécommande pour iptv,5,218,2.29%,6.38
iptv mag,5,212,2.36%,16.8
coque batterie iphone x,5,167,2.99%,23.36
hp 240 g9,5,103,4.85%,8.2
imaq 930 4k,5,78,6.41%,11.81
imaq 820,5,31,16.13%,4.39
nokia 3310,4,3718,0.11%,35.32
samsung galaxy tab a6,4,3575,0.11%,22.57
blackberry curve 8520,4,1076,0.37%,23.4
acer aspire e15,4,930,0.43%,12.77
imaq,4,646,0.62%,12.29
gsm mini,4,582,0.69%,5.23
samsung blu ray speler,4,376,1.06%,28.99
klipad tablette hybride 2 en 1,4,336,1.19%,8.86
hq tre 71025,4,332,1.2%,13.86
mag 322,4,225,1.78%,23.57
decodeur iptv,4,224,1.79%,32.96
sony cyber shot 14.1,4,191,2.09%,9.62
hq-tre 71025,4,187,2.14%,7.71
asus ux305c,4,142,2.82%,18.37
boitier iptv formuler,4,95,4.21%,18.16
macbook air 1466,4,92,4.35%,13.8
imaq iptv box,4,65,6.15%,6.37
smartwatchpro,4,45,8.89%,3.89
tiger star k55,4,29,13.79%,8.52
apple a 1466,4,22,18.18%,3.82
iphone 4s batterij,4,17,23.53%,11.24
tablette hybride 2 en 1 klipad fiche technique,4,5,80%,1.6
ipad 4,3,5273,0.06%,19.42
google pixel 8,3,2591,0.12%,42.11
tablette klipad,3,1002,0.3%,17.42
pixel 8,3,993,0.3%,46.92
samsung s6 edge,3,950,0.32%,14.81
lenovo ideapad 3 15ada05,3,922,0.33%,22.73
iphone se 2016,3,880,0.34%,24.71
hp 71025,3,717,0.42%,11.46
tablette klipad 2 en 1,3,446,0.67%,11.4
hp hq tre 71025 boeblingen germany,3,439,0.68%,23.67
kleinste gsm,3,430,0.7%,7.67
apple macbook air a1466,3,202,1.49%,16.41
zte l210,3,192,1.56%,14.2
ideapad 3 15ada05,3,170,1.76%,10.99
bose mini soundlink,3,154,1.95%,65.81
drone leason,3,124,2.42%,5.22
mag 324 iptv box,3,119,2.52%,18.38
hp hq-tre 71025 specificaties,3,101,2.97%,11.95
micro usb vers usb c,3,90,3.33%,6.33
nokia 3310 nieuw kopen,3,79,3.8%,14.92
alcatel one touch p310x,3,73,4.11%,17.63
roze blackberry,3,65,4.62%,11.69
auna mc 120,3,52,5.77%,9.46
iptv box wifi,3,49,6.12%,9.67
lesenz bluetooth speaker,3,41,7.32%,12.85
apple macbook a1466,3,41,7.32%,15.51
apple model a1466,3,26,11.54%,8.85
samsung a52s,3,26,11.54%,11.12
blackberry curve,2,5433,0.04%,23.79
samsung s8 plus,2,3242,0.06%,16.22
blackberry z30,2,2323,0.09%,26.07
enseigne lumineuse,2,1771,0.11%,37.83
chargeur universel,2,1241,0.16%,8.65
lichtborden reclame,2,856,0.23%,43.05
xiaomi redmi note 11,2,803,0.25%,22.68
charge 3,2,666,0.3%,29.52
mini téléphone,2,611,0.33%,8
a1466 macbook,2,604,0.33%,45.33
gsm,2,554,0.36%,33.01
refroidisseur pc portable,2,549,0.36%,32.02
toshiba satellite,2,533,0.38%,17.87
tablet pc,2,522,0.38%,31.64
iptv boitier,2,436,0.46%,59.71
medialink iptv,2,281,0.71%,11.5
klipad tablette 2 en 1,2,273,0.73%,11.77
formuler z+,2,254,0.79%,12.61
hp hq tre,2,241,0.83%,15.57
blackberry 8520,2,227,0.88%,17.41
tab a6,2,213,0.94%,14.06
hp hq-tre,2,188,1.06%,8.07
playstation classic,2,181,1.1%,14.25
mag iptv,2,172,1.16%,15.73
rixus bluetooth,2,170,1.18%,6.46
adaptateur lightning jack,2,165,1.21%,21.44
nouveau 3310,2,157,1.27%,13.06
samsung galaxy tab a6 prijs,2,157,1.27%,19.39
iptv tiger,2,146,1.37%,27.08
durata,2,140,1.43%,32.47
hp elitebook 755 g5,2,132,1.52%,22.67
telephone mini,2,116,1.72%,21.34
gtstar,2,115,1.74%,18.87
tablette klipad hybride 2 en 1,2,107,1.87%,8.73
blackberry pink,2,105,1.9%,13.53
iptv télécommande,2,102,1.96%,14.02
cctv camera,2,95,2.11%,12.87
elitebook 755 g5,2,90,2.22%,18.78
telecommande iptv universelle,2,89,2.25%,6.61
boitier iptv wifi,2,86,2.33%,15.19
wster microphone,2,84,2.38%,9.19
mini téléphone portable,2,65,3.08%,23.4
box mag,2,62,3.23%,14.26
imaq 800 iptv,2,60,3.33%,8.65
sony cyber shot dsc w610,2,59,3.39%,17.32
nintendo nes mini,2,58,3.45%,37.33
lenovo legion 5 15ith6,2,53,3.77%,8.04
mac book a1466,2,45,4.44%,20.24
carg7,2,34,5.88%,12.44
probook 4520s,2,34,5.88%,21.47
small gsm,2,27,7.41%,3.67
tiger m1,2,26,7.69%,3.23
a 1466,2,25,8%,7.08
verre trempé téléphone samsung,2,25,8%,9.32
mag boitier,2,24,8.33%,11.12
gsm itel,2,20,10%,4.85
ws 1816,2,20,10%,6.05
zte blade l 210,2,18,11.11%,6.17
pc hp hq tre 71025 boeblingen germany,2,16,12.5%,4.94
mag 325,2,15,13.33%,5.27
w king s20,2,10,20%,3.5
t&g,2,10,20%,8.9
sony cyber shot megapixels 14.1,2,9,22.22%,7.44
hp240 g9,2,8,25%,5
755 g5,2,7,28.57%,6.29
macbook air 2013 a1466,2,7,28.57%,10.43
reparation ecran iphone 15,2,6,33.33%,42.33
iphone 5 display,2,5,40%,3
pc portable occasion,2,4,50%,6
samsung s8,1,6057,0.02%,20.13
iphone se,1,3260,0.03%,30.22
samsung galaxy s6,1,2586,0.04%,21.88
gsm samsung,1,2250,0.04%,44.57
galaxy tab a6,1,2057,0.05%,21.9
asus zenbook ux305,1,1907,0.05%,59.65
ibeats,1,1602,0.06%,7.54
enseigne lumineuse prix,1,1513,0.07%,34.04
nokia 105,1,1432,0.07%,30.49
samsung galaxy s8 plus,1,1410,0.07%,12.71
nokia 216,1,1220,0.08%,19.02
enseigne lumineuse belgique,1,1200,0.08%,38.03
samsung note 8,1,1076,0.09%,27.59
led reclame,1,1051,0.1%,47.65
samsung j6,1,1029,0.1%,18.13
chargeur samsung rapide,1,1019,0.1%,22.04
hoverboard,1,808,0.12%,51.51
tablette hybride 2 en 1,1,692,0.14%,43.94
alcatel gsm,1,643,0.16%,27.77
samsung blu ray player,1,596,0.17%,56.94
gsm dual sim,1,562,0.18%,36.38
xiaomi m365,1,437,0.23%,48.77
petit gsm,1,426,0.23%,12.52
samsung a6,1,421,0.24%,16.75
rixus,1,402,0.25%,29.69
gsm alcatel,1,394,0.25%,20.07
lecteur blu ray samsung,1,374,0.27%,24.28
hp spectre x360 reconditionné,1,369,0.27%,29.01
nokia 3310 new,1,368,0.27%,24.94
3310,1,363,0.28%,19.67
galaxy a6,1,343,0.29%,19.36
mini clavier bluetooth,1,339,0.29%,32.14
chargeur samsung original,1,314,0.32%,14.13
azerty fr,1,313,0.32%,7.32
macbook air a1466 année,1,266,0.38%,18.98
panneau publicitaire lumineux,1,260,0.38%,25.6
sony cybershot 14.1,1,234,0.43%,11.68
magsafe 1,1,226,0.44%,20.31
huawei y9,1,218,0.46%,22.32
lg a clapet,1,218,0.46%,23.52
notebook klipad,1,217,0.46%,35.74
gsm lg,1,215,0.47%,28.29
panneau publicitaire led,1,211,0.47%,36.37
auna connect 120,1,199,0.5%,27.88
boitier mag,1,196,0.51%,13.98
telecommande mag,1,194,0.52%,6.88
hp hq tre 71025 laptop,1,193,0.52%,34.63
zetes lecteur de carte,1,190,0.53%,7.42
auna dab radio,1,190,0.53%,9.11
hp pavilion gaming laptop,1,187,0.53%,14.73
amplificateur wifi,1,185,0.54%,46.01
rixus electronics,1,183,0.55%,6.4
3g dongle,1,181,0.55%,73.14
blackberry,1,178,0.56%,8.71
a1466 apple,1,176,0.57%,20.09
smart horloge met simkaart,1,173,0.58%,44.01
tablet klipad,1,168,0.6%,7.08
hybride tablet,1,159,0.63%,18.82
trottinette électrique xiaomi m365,1,157,0.64%,81.85
tablette klipad prix,1,152,0.66%,20.53
71025 hp,1,144,0.69%,17.64
zte blade l210 fiche technique,1,142,0.7%,5.73
auna internetradio,1,136,0.74%,11.92
batterie externe silvercrest,1,136,0.74%,13.65
nieuwe nokia 3310,1,131,0.76%,20.86
samsung t580,1,125,0.8%,11
modem usb,1,122,0.82%,7.75
tablette hybride 2 en 1 klipad prix neuf,1,122,0.82%,9.58
coque batterie iphone,1,122,0.82%,11.52
télécommande iptv en ligne,1,121,0.83%,9.51
telecommande universelle iptv,1,120,0.83%,16.04
zte blade,1,117,0.85%,11.35
tv linsar,1,117,0.85%,16.09
macbook air a1466 prix,1,116,0.86%,20.42
enseigne lumineuse pas cher,1,112,0.89%,24.4
enseigne lumineuse pour magasin,1,112,0.89%,48.86
smartwatch met camera,1,107,0.93%,27.84
sony cybershot 14.1 megapixel,1,106,0.94%,12.04
batterie apple,1,103,0.97%,20.25
smart watch pro,1,101,0.99%,8.95
tablette samsung a6 prix,1,99,1.01%,10.42
mag 254 iptv,1,99,1.01%,14.06
lg g360,1,99,1.01%,19.32
mini toetsenbord azerty,1,94,1.06%,22.29
adaptateur iphone jack,1,94,1.06%,32.29
hp pavilion gaming 15,1,90,1.11%,15.73
hp elite x2 g3,1,88,1.14%,20.76
wster,1,87,1.15%,7.09
sony cyber shot 14.1 megapixel camera,1,87,1.15%,11.75
lg dp542h,1,87,1.15%,20.53
prix iptv,1,76,1.32%,32.68
philips 32phs5302/12,1,75,1.33%,9.07
blackberry curve 8520 date de sortie,1,75,1.33%,15.61
powerbank silvercrest,1,72,1.39%,10.39
mac book air a1466,1,72,1.39%,25.35
hexacopter,1,71,1.41%,19.51
clavier bluetooth pc,1,70,1.43%,64.03
sony cybershot dsc w610,1,68,1.47%,16.9
sony cybershot 14megapixel,1,67,1.49%,7.82
telephone miniature,1,66,1.52%,29.02
auna connect,1,65,1.54%,31.03
samsung nu7100 55,1,64,1.56%,43.48
usb c vers micro usb,1,63,1.59%,9.62
lecteur dvd 3d samsung,1,62,1.61%,33.6
chargeur samsung original prix,1,60,1.67%,10.95
cout enseigne lumineuse,1,60,1.67%,56.58
dell latitude e5550,1,59,1.69%,24.81
model a1466,1,59,1.69%,28.54
dron leason,1,58,1.72%,3
silvercrest powerbank,1,57,1.75%,10.63
sony cybershot 14 1,1,57,1.75%,11.95
boitier iptv,1,57,1.75%,17.6
tablette hybride 2 en 1 klipad avis,1,55,1.82%,10.11
film protection téléphone samsung,1,55,1.82%,10.75
a1466 mac,1,54,1.85%,28.89
sony 14.1 megapixel camera,1,53,1.89%,8.83
chargeur original,1,53,1.89%,16.83
samsung galaxy s8 64gb,1,53,1.89%,23.19
appareil photo sony cyber shot 14.1,1,52,1.92%,12.4
linsar,1,52,1.92%,16.69
caméra 4k ultra hd wifi,1,51,1.96%,15.39
rog strix g,1,51,1.96%,17.41
blu-ray speler samsung,1,50,2%,8.52
belmobile,1,49,2.04%,3.55
formuler belgique,1,49,2.04%,10.29
mini nes,1,49,2.04%,39.82
uniq surround bluetooth,1,48,2.08%,7.35
à bruxelles de magasin vente decodeur infomir mag,1,48,2.08%,8.83
gtstar bm50,1,48,2.08%,20.75
telecommande iptv sur iphone,1,47,2.13%,14.83
auna radio internet,1,46,2.17%,24.96
telephone a clapet lg,1,45,2.22%,41.31
kleine nokia,1,44,2.27%,24.27
iptv linux,1,44,2.27%,50.86
ws 858,1,43,2.33%,12.3
drone 126,1,42,2.38%,5.86
oneconcept radio cd player,1,42,2.38%,10.14
toshiba satellite c870,1,42,2.38%,12.07
hp 240,1,42,2.38%,20.95
cigii,1,39,2.56%,4.38
tenda a9,1,39,2.56%,13.64
boitier mag iptv,1,39,2.56%,16.92
kingston dt50,1,38,2.63%,9.66
power bank silvercrest,1,38,2.63%,12.39
mini nokia,1,37,2.7%,1.03
hp-hq-tre 71025,1,37,2.7%,5.38
blackberry phone,1,37,2.7%,5.57
acer aspire e15 prix,1,37,2.7%,11.24
acer chromebook spin,1,37,2.7%,18.78
blu ray samsung,1,37,2.7%,20.92
auna retro radio,1,37,2.7%,22.22
hp-tre 71025,1,36,2.78%,10.61
magasin iptv bruxelles,1,36,2.78%,17.89
iphone 8 noire,1,36,2.78%,18.06
clavier multimedia,1,36,2.78%,70.97
macbook air a1466 fiche technique,1,35,2.86%,11.4
hp spectre core i7,1,35,2.86%,18.37
trekstor surftab twin 11.6,1,34,2.94%,17.09
samsung protection ecran,1,32,3.12%,12.72
magsafe 1 ou 2,1,32,3.12%,24.88
samsung t580 tablet,1,31,3.23%,11.42
3d dvd speler,1,31,3.23%,18
decoder iptv,1,31,3.23%,18.39
mxq 4k,1,31,3.23%,23.65
enseigne lumineuse led intérieur,1,30,3.33%,4.5
charge rapide samsung,1,30,3.33%,31.13
71025,1,29,3.45%,9.07
samsung s9 plus prix neuf,1,29,3.45%,10.1
iptv uhd,1,29,3.45%,24.93
cmik,1,29,3.45%,25.83
pc toshiba satellite,1,28,3.57%,5.71
wster ws-858,1,28,3.57%,8.79
zte l210 32gb,1,28,3.57%,10.21
asus rog strix occasion,1,28,3.57%,12.18
acer cp513-1h series,1,28,3.57%,16.71
hp hq tre 71025 boeblingen,1,28,3.57%,24.29
auna connect 150,1,28,3.57%,35.21
nintendo mini,1,28,3.57%,42.25
mag iptv shop,1,27,3.7%,10
innovio,1,27,3.7%,10.52
micro ws 858,1,27,3.7%,14.07
samsung a6 plus prix,1,27,3.7%,26.63
pink blackberry curve,1,27,3.7%,30.78
hp pavilion gaming laptop 15,1,27,3.7%,42.67
radiocassette,1,27,3.7%,61.11
hp hqtre,1,26,3.85%,6.12
smartphone mini,1,26,3.85%,19.69
acer cp513-1h,1,25,4%,10.16
mxq,1,25,4%,10.2
iphone se 1,1,25,4%,39.48
laptop 2dehands,1,24,4.17%,5.79
digital camera sony,1,24,4.17%,12.38
sony cybershot 14.1 megapixels,1,24,4.17%,19.83
asus zenbook occasion,1,23,4.35%,10.04
apple a1466 macbook air,1,23,4.35%,14.52
zte blade l210 32gb,1,23,4.35%,16.09
drone hexacopter,1,23,4.35%,46.04
informir,1,22,4.55%,22.14
edup 802.11ac,1,21,4.76%,8.48
hp elitebook occasion,1,21,4.76%,11.71
hp elite book 755 g5,1,21,4.76%,19.33
3g modem,1,20,5%,4.9
samsung galaxy s7 black,1,20,5%,11.35
blackberry curve 9720,1,20,5%,21.6
gsm 360,1,19,5.26%,5.58
tiger satellite,1,19,5.26%,6.26
tablet samsung galaxy tab a6,1,19,5.26%,10.47
asus vivobook s430u,1,19,5.26%,12.32
macbook a 1466,1,19,5.26%,14
macbook air a1466 i5,1,19,5.26%,21.89
3310 nokia new,1,18,5.56%,19.78
nintendo classic mini nes,1,18,5.56%,37.22
macbook air 13 model a1466,1,18,5.56%,44.11
support tv pivotant 180°,1,17,5.88%,4.76
sony dsc-w610,1,17,5.88%,15.06
bt2045 jabra,1,17,5.88%,20
mag iptv box,1,17,5.88%,27.18
lg 2017,1,16,6.25%,3.5
aspire e 15 acer,1,16,6.25%,7.44
surftab twin 11.6,1,16,6.25%,11.12
bras pour télévision,1,16,6.25%,18.06
bm50,1,15,6.67%,1.4
itel gsm,1,15,6.67%,7.2
hp hqtre 71025,1,15,6.67%,8.67
auna radio dab,1,15,6.67%,28.67
blackberry curve kopen,1,14,7.14%,26.36
xiaomi mi m365,1,14,7.14%,37.36
clavier mac azerty,1,14,7.14%,44.5
samsung a52s 5g,1,13,7.69%,3.69
film protection téléphone samsung prix,1,13,7.69%,5.46
hp hq-tre 71025 boeblingen germany fiche technique,1,13,7.69%,6.77
sm t580 tablet,1,13,7.69%,7.23
telecommande iptv iphone,1,13,7.69%,7.62
macbook air apple a1466,1,13,7.69%,7.85
kingston dt50 16gb,1,13,7.69%,8.85
enseigne lumineuse intérieure,1,13,7.69%,13.23
acer spin cp513,1,13,7.69%,23.38
hq-tre71025,1,12,8.33%,5.25
tre 71025,1,12,8.33%,8.75
weibo mouse,1,12,8.33%,15.58
l210 zte,1,12,8.33%,16.17
ws 858 wireless microphone,1,12,8.33%,19.08
mag box iptv,1,12,8.33%,21.17
double ecouteur,1,12,8.33%,58.5
"hp,hq-tre,71025",1,11,9.09%,6.73
reparation iphone 15,1,11,9.09%,9.27
vizyon box,1,11,9.09%,27.09
hp pavilion gaming laptop i7,1,11,9.09%,29.55
acer chromebook spin 13,1,11,9.09%,38.18
samsung 3d blu ray speler,1,11,9.09%,41
2dehands gaming laptop,1,10,10%,1.8
remax batterie,1,10,10%,2.4
2dehands laptop,1,10,10%,10.7
dab radio auna,1,10,10%,12.4
jack iphone,1,10,10%,28.7
l210,1,9,11.11%,5.78
macbookair a1466,1,9,11.11%,10.67
chargeur d'origine samsung,1,9,11.11%,11.44
iptv box kopen,1,9,11.11%,17.33
hoverboard belgique,1,9,11.11%,17.67
dvd blu ray 3d samsung,1,9,11.11%,41.11
samsung j 6,1,8,12.5%,2.88
"macbook air 13"" a1466",1,8,12.5%,3.62
mac 1466,1,8,12.5%,5
hp 240 g9 prix,1,8,12.5%,7.12
récepteur tiger prix maroc,1,8,12.5%,8.88
32phs5302,1,8,12.5%,9.12
rm-l677e,1,8,12.5%,9.75
ux305c notebook pc,1,8,12.5%,14.62
alcatel p360x,1,8,12.5%,22.12
macbook air 2014 a1466,1,8,12.5%,27.12
formuler,1,8,12.5%,45.62
nintendo mini nes classic,1,8,12.5%,47.12
connect 120,1,7,14.29%,4.57
hp hq-tre 71025 release date,1,7,14.29%,8.86
15ith6,1,7,14.29%,9.14
kit 8 camera de surveillance,1,7,14.29%,13
hp elite x2 1013 g3 prix,1,7,14.29%,17.86
formuler wifi,1,7,14.29%,20.43
playstation classic mini,1,6,16.67%,1
téléphone samsung j6,1,6,16.67%,1
wster karaoke mic,1,6,16.67%,4
sputnik tiger,1,6,16.67%,9.5
strip led 230v,1,6,16.67%,10.17
2dehands laptop kopen,1,6,16.67%,12
"hq-tre, 71025",1,6,16.67%,13.5
a1466 i5,1,6,16.67%,17.67
music apollo bluetooth speaker,1,6,16.67%,24.67
ipad mini 2 16 gb,1,6,16.67%,25.5
edimax ip camera,1,6,16.67%,47.5
acer chromebook spin 15,1,6,16.67%,55.5
reparateur telephone,1,5,20%,1
b m10 mini phone,1,5,20%,2.6
compaq cq57,1,5,20%,5.2
reparation iphone 15 pro max,1,5,20%,7
adaptateur micro usb vers usbc,1,5,20%,8.2
mini chaine hifi,1,5,20%,11.4
macbook 13 a1466,1,5,20%,14.6
iphone 14 occasion prix,1,5,20%,15.4
nes nintendo,1,5,20%,33.6
samsung galaxy tab a t285,1,5,20%,34.2
kit de 4 camera,1,4,25%,1
formuler z7+ 5g,1,4,25%,1.5
2dehands gsm,1,4,25%,1.75
musyl speaker,1,4,25%,2.75
boitier iptv belgique,1,4,25%,3
samsung a52,1,4,25%,3.5
combo cctv,1,4,25%,4
mac os a1466,1,4,25%,4.75
hp tre 71025 specs,1,4,25%,6.5
samsung blu-ray speler kopen,1,4,25%,7.75
tweedehands laptop kopen,1,4,25%,11.5
adaptateur lightning jack apple,1,4,25%,11.75
lenovo ideapad 3 occasion,1,4,25%,13
reparation batterie iphone,1,4,25%,17.75
auna dab+,1,4,25%,20.5
iphone 8 ecran,1,4,25%,20.75
vitre arriere iphone 15 pro max,1,4,25%,20.75
se iphone,1,4,25%,77.75
iphone à 100 €,1,3,33.33%,1
iphone repair lokeren,1,3,33.33%,3
vitre arrière iphone 15 pro max prix,1,3,33.33%,4
gsm sans internet,1,3,33.33%,5
tab galaxy a6,1,3,33.33%,6.67
m365 mi electric scooter,1,3,33.33%,8
bluetooth speaker powerbank,1,3,33.33%,9
gaming laptop tweedehands,1,3,33.33%,9
reparation iphone 16 pro max,1,3,33.33%,9
samsung tab 3 lite sm-t110,1,3,33.33%,9.33
t&g speaker bluetooth,1,3,33.33%,9.33
support telephone voiture 360,1,3,33.33%,11.67
trekstor windows tablet,1,3,33.33%,11.67
tweedehands iphone,1,3,33.33%,12
medialink ml7000,1,3,33.33%,12.67
goedkoopste gsm,1,3,33.33%,13
ordinateur portable hp pas cher,1,3,33.33%,22.33
x54h asus,1,3,33.33%,24.33
radio internet bluetooth,1,3,33.33%,25.33
telephone occasion,1,3,33.33%,26.33
allume cigare audio,1,3,33.33%,26.67
chargeur magsafe 85w,1,3,33.33%,26.67
enseignes led,1,3,33.33%,27.67
cctv-8,1,3,33.33%,30
macbook air a1466 core i5,1,3,33.33%,38
trottinette électrique xiaomi mi,1,3,33.33%,45.67
nokia 3310 tweedehands,1,3,33.33%,93.33
2de hands gaming laptop,1,2,50%,1
apple réparation prix,1,2,50%,1
batterie iphone 6s plus origine apple,1,2,50%,1
beats by dr dre oortjes,1,2,50%,1
enceinte soundlink mini,1,2,50%,1
iphone 14 goedkoop,1,2,50%,1
kit dvr 4 cameras,1,2,50%,1
lenovo ideapad 3 2019,1,2,50%,1
mini soundlink 2,1,2,50%,1
notebooks gamer usados,1,2,50%,1
réparation téléphone à proximité,1,2,50%,1
samsung s52,1,2,50%,1
asus zenbook 13,1,2,50%,2
ipad 6 digitizer,1,2,50%,2
power bank 8000 mah,1,2,50%,2
y7 prime 2017,1,2,50%,2
hp 240 g9 celeron,1,2,50%,2.5
boulanger google pixel 8,1,2,50%,3
camera combo pack,1,2,50%,3
huawei type c cable original,1,2,50%,3
wifi versterker proximus,1,2,50%,3
lentille iphone 15 pro max,1,2,50%,3.5
ecouteur beats,1,2,50%,4
connect 120 mkii,1,2,50%,5
macbook model a 1466,1,2,50%,5
smartphone samsung galaxy a55 5g 128go bleu nuit,1,2,50%,5
vod box,1,2,50%,5.5
g531gt asus rog,1,2,50%,6
ordinateur hp portable,1,2,50%,6
batterie iphone se 2020 original apple,1,2,50%,7
hp elitebook 840 g3 price,1,2,50%,7
купити ноутбук б/у,1,2,50%,7
2dehands smartphone,1,2,50%,8
remplacement vitre arriere iphone 15 pro max,1,2,50%,8
support telephone voiture grille aeration,1,2,50%,8.5
a50 samsung 4g,1,2,50%,9
google pixel 8 128gb zwart,1,2,50%,9
"hp, hq-tre 71025",1,2,50%,10
tweedehands samsung s22,1,2,50%,10
samsung galaxy s8 black 64gb,1,2,50%,10.5
acer aspire e15 specs,1,2,50%,11
enchere pc portable,1,2,50%,11
toshiba laptop windows 7,1,2,50%,11
micro chaine hifi,1,2,50%,12
ueme dab radio,1,2,50%,12
iphone 15 pro max scherm,1,2,50%,13
iphone 14 128gb midnight,1,2,50%,16
samsung ecb-du4ewe,1,2,50%,17
laptop apple macbook air a1466,1,2,50%,21.5
mbox 4k,1,2,50%,24
rm-l677e istruzioni,1,2,50%,41
aspire e15 start,1,1,100%,1
gebruiksaanwijzing,1,1,100%,1
iphone 14 500€,1,1,100%,1
iphone se 1ère génération prix,1,1,100%,1
magsafe 1 magsafe 2,1,1,100%,1
remax k03,1,1,100%,1
tiger stars,1,1,100%,1
apple earpods with wire,1,1,100%,2
mag 324 iptv box price,1,1,100%,2
1st gen iphone se,1,1,100%,3
acer computer,1,1,100%,3
cheap gaming laptop,1,1,100%,3
samsung s21 fe screen protector,1,1,100%,4
support voiture grille aeration,1,1,100%,4
mini chaine hifi lecteur cd,1,1,100%,5
pink black berry,1,1,100%,5
radio 120,1,1,100%,6
wekkerradio cd speler,1,1,100%,8
jabra earpiece,1,1,100%,11
lenovo 320 ideapad,1,1,100%,11
galaxy a52 4g,1,1,100%,12
hd satelliet ontvanger,1,1,100%,12
samsung pas cher,1,1,100%,12
asus x54h price,1,1,100%,13
acheter radio internet,1,1,100%,14
montre connectée avec sim,1,1,100%,19
nokia 105 mediamarkt,1,1,100%,20
radio auna connect 150,1,1,100%,35
mini nes classic edition,1,1,100%,38
enseigne lumineuse extérieur prix,1,1,100%,50
samsung galaxy a55 5g smartphone 128go bleu nuit,1,1,100%,64
telefunken telephone fixe mode d'emploi,1,1,100%,65
ipad mini 2,0,6631,0%,34.7
macbook air,0,5807,0%,34.95
clavier bluetooth,0,4308,0%,43.6
samsung galaxy s8,0,4032,0%,23.55
iphone 8,0,3927,0%,34.81
wifi booster,0,3353,0%,47.89
samsung tab a6,0,2930,0%,24.18
samsung galaxy a5,0,2804,0%,38.66
samsung s6,0,2768,0%,24.39
galaxy s8,0,2740,0%,23.91
macbook air 13,0,2696,0%,36.56
galaxy s6,0,2653,0%,20.74
wifi repeater,0,2446,0%,42.74
chargeur rapide samsung,0,2366,0%,21.94
lumia 920,0,2324,0%,20.42
samsung galaxy s7,0,2264,0%,32.17
samsung gsm,0,2231,0%,42.18
apple ipad mini 2,0,2218,0%,32.44
samsung galaxy s9 plus,0,2176,0%,26.6
iphone 5 lcd,0,2159,0%,10.4
samsung galaxy s8 +,0,2141,0%,25.68
samsung s9 plus,0,2125,0%,27.36
chargeur samsung,0,2061,0%,33.28
lenovo legion 5,0,1988,0%,27.33
samsung galaxy a6,0,1907,0%,31
wifi extender,0,1858,0%,46.26
petit telephone,0,1852,0%,17.41
blackberry 9720,0,1839,0%,25.33
samsung a50,0,1803,0%,43.56
clavier azerty,0,1790,0%,42.83
apple macbook air,0,1771,0%,40.06
galaxy s7,0,1763,0%,34.97
leason,0,1760,0%,10.96
galaxy s8 +,0,1745,0%,28.37
iphone 7 plus,0,1677,0%,38.51
samsung s7 edge,0,1663,0%,34.75
samsung galaxy tab 3,0,1640,0%,42.97
samsung galaxy a50,0,1626,0%,40.63
lg clapet,0,1602,0%,30.38
iphone xs max,0,1584,0%,42.14
samsung a8,0,1550,0%,39.24
samsung galaxy s7 edge,0,1510,0%,31.89
iphone 8 plus,0,1510,0%,44.45
alcatel one touch,0,1502,0%,23.6
hp elitebook,0,1429,0%,35.06
samsung tab 3,0,1413,0%,44.83
trottinette electrique xiaomi,0,1400,0%,48.9
samsung j5,0,1399,0%,30.51
wifi versterker,0,1352,0%,68.19
samsung galaxy j6,0,1325,0%,20.94
s8,0,1323,0%,14.42
samsung s7,0,1291,0%,40.27
hp elitebook 840 g3,0,1284,0%,21.98
galaxy a5,0,1275,0%,35.71
iphone 7,0,1275,0%,36.77
samsung a5,0,1270,0%,40.44
galaxy s7 edge,0,1244,0%,30.51
apple earpods,0,1237,0%,34.55
galaxy a50,0,1225,0%,41.71
lenovo ideapad 3,0,1194,0%,23.25
samsung galaxy a6+,0,1136,0%,24.98
bose soundlink mini,0,1135,0%,53.41
sony cyber shot,0,1115,0%,35.16
macbook air 13 pouces,0,1108,0%,32.32
galaxy s8 plus,0,1096,0%,63.78
hp elitebook 840,0,1070,0%,36.36
earpods,0,1046,0%,31.34
samsung galaxy a8,0,1045,0%,37.56
houten luidsprekers,0,1030,0%,17.97
apple iphone 8,0,1026,0%,26.11
iphone batterij,0,1023,0%,36.5
samsung galaxy j5,0,1021,0%,33.65
ecran iphone 5,0,1016,0%,58.32
chargeur macbook pro,0,1014,0%,32.15
chargeur macbook,0,1004,0%,32.82
samsung galaxy a13,0,1003,0%,40.76
samsung galaxy s9,0,992,0%,42.11
tablette samsung a6,0,968,0%,30.59
macbook charger,0,952,0%,37.34
camera sony cyber shot,0,949,0%,26.21
galaxy j6,0,948,0%,24.18
samsung galaxy s6 edge,0,947,0%,15.1
samsung s9,0,918,0%,46.02
samsung a5 2017,0,912,0%,37.38
macbook air apple,0,891,0%,37
nokia 5,0,881,0%,24.34
huawei mate 10 pro,0,878,0%,28.32
samsung a13,0,878,0%,39.59
batterij iphone,0,868,0%,34.86
redmi note 11,0,864,0%,20.34
ipad 2,0,861,0%,48.45
enseigne publicitaire lumineuse,0,859,0%,21.3
hp spectre,0,834,0%,21.73
enseigne lumineuse publicitaire,0,832,0%,30.68
ecouteurs akg,0,823,0%,14.72
chargeur qi,0,807,0%,40.15
galaxy a13,0,804,0%,38.65
galaxy s9 plus,0,771,0%,25.3
galaxy s9,0,764,0%,40.97
red dead redemption 2 ps4,0,755,0%,24.21
hp spectre x360,0,751,0%,17.95
samsung a5 verkopen,0,750,0%,56.87
samsung galaxy tab a,0,743,0%,37.78
mini phone,0,740,0%,4.1
chargeur universel pc portable,0,732,0%,27.6
samsung galaxy note 8,0,731,0%,24.24
macbook pro charger,0,731,0%,43.12
enseigne publicitaire,0,727,0%,64.76
samsung galaxy s9+,0,724,0%,38.3
kleine telefoon,0,722,0%,48.77
apple macbook air 13,0,714,0%,31.44
galaxy s6 edge,0,713,0%,17.25
note 8,0,713,0%,29.37
enseigne publicitaire led,0,699,0%,8.94
routeur tp link,0,697,0%,40.99
gran turismo ps4,0,686,0%,20.67
hp elite x2,0,681,0%,29.94
macbook air 13 inch,0,681,0%,54.46
tablette hybride,0,679,0%,44.39
s8 samsung,0,671,0%,13.97
samsung tab a,0,658,0%,35.82
samsung j5 2017,0,654,0%,24.13
gran turismo sport,0,644,0%,23.14
macbook,0,643,0%,24.09
iphone 8 noir,0,643,0%,37.79
écran de remplacement pour iphone 5s,0,642,0%,20.36
boombox,0,640,0%,39.43
wifi range extender,0,635,0%,44.15
gerenoveerde laptop,0,622,0%,26.99
samsung galaxy 6,0,619,0%,31.71
galaxy note 8,0,608,0%,25.77
mp3 allume cigare,0,608,0%,47.87
chargeur voiture samsung,0,606,0%,31.37
nokia 3,0,603,0%,27.3
iphone se 2020,0,599,0%,46.84
galaxy a5 2017,0,593,0%,34.82
galaxy a8,0,586,0%,37.13
tab a,0,585,0%,32.78
apple mac air,0,575,0%,40.05
samsung nu7100,0,572,0%,10.1
iptv bruxelles,0,569,0%,20.42
samsung galaxy tab 3 lite,0,568,0%,49.42
gerenoveerde pc,0,567,0%,29.74
samsung galaxy a5 2017,0,562,0%,38.13
home cinéma usb,0,557,0%,21.79
led reclamebord,0,555,0%,45.58
gsm autohouder,0,555,0%,61.03
ott iptv,0,554,0%,33.58
support mural tv,0,554,0%,41.02
8gb geheugenkaart,0,549,0%,31.53
ipad 4g,0,548,0%,30.63
apple earpods lightning,0,536,0%,36.07
black ops 4,0,529,0%,18.2
boitier iptv 4k,0,517,0%,57.09
panneau publicitaire lumineux led,0,515,0%,27.3
samsung blu-rayspeler,0,515,0%,28.37
ipad mini 2 32gb,0,514,0%,93.32
xiaomi note 11,0,502,0%,22.05
tp link wifi,0,498,0%,34.66
pc portable asus rog,0,491,0%,32.55
galaxy tab a,0,491,0%,33.32
galaxy a6+,0,489,0%,25.22
chargeur mac pro,0,486,0%,28.06
apple iphone se,0,480,0%,33.28
dualshock 4,0,479,0%,30.23
xiaomi redmi 11,0,457,0%,20.96
enseigne lumineuse intérieur,0,453,0%,47.65
allume cigare mp3,0,452,0%,53.08
32gb micro sd,0,443,0%,56.72
enseigne led pas cher,0,442,0%,17.79
wifi versterken,0,440,0%,65.6
galaxy j5,0,435,0%,32.77
enseigne publicitaire belgique,0,430,0%,54.06
enseigne lumineuse brabant wallon,0,425,0%,40.67
cable lightning,0,424,0%,31.86
enseigne lumineuse led,0,422,0%,19.28
macbook air model a1466,0,419,0%,51.24
ecran iphone,0,418,0%,34
s8 plus,0,414,0%,10.32
adaptateur iphone,0,414,0%,30.98
nokia lumia,0,414,0%,37.84
asus rog,0,410,0%,30
gsm fietshouder,0,410,0%,47.69
draagbare radio cd speler,0,406,0%,58.67
chargeur ordinateur portable apple,0,402,0%,28.92
fietshouder gsm,0,402,0%,35.11
iphone 8 64gb zwart,0,400,0%,65.81
achat enseigne lumineuse,0,399,0%,25.95
enseigne éclairée,0,399,0%,43.63
screenprotector samsung,0,398,0%,34.81
sm a6,0,396,0%,36.31
trekstor,0,392,0%,25.24
enseignes publicitaires lumineuses,0,391,0%,36.06
chargeur rapide,0,390,0%,38.75
enseign lumineuse,0,385,0%,39.82
led enseignes lumineuses,0,385,0%,42.3
ipad mini 2 32go,0,385,0%,70.05
enseigne led,0,382,0%,34.88
chargeur samsung usb c,0,381,0%,39.21
call of duty black ops 4,0,379,0%,21.47
sd kaart 64gb,0,379,0%,59.89
enseigne en led,0,376,0%,36.73
samsung galaxy a50 wit,0,376,0%,38.92
adaptateur usb vers micro usb,0,374,0%,23.75
ipad mini 2 16gb,0,373,0%,32.67
panneau enseigne lumineuse,0,373,0%,32.82
enseigne lumineuse hainaut,0,371,0%,42.11
tarif enseigne lumineuse,0,368,0%,30.65
prise jack iphone,0,365,0%,35.46
enseigne publicitaire prix,0,365,0%,54.1
hp pavilion gaming,0,364,0%,19.35
sony cybershot,0,360,0%,41.68
vitre iphone 5,0,360,0%,54.46
boitier disque dur externe,0,356,0%,36.45
iptv,0,355,0%,10.54
samsung a50 wit,0,353,0%,30.05
macbook oplader,0,352,0%,36.28
enseigne lumineuse bruxelles,0,351,0%,32.23
enseigne lumineuse en belgique,0,351,0%,32.46
just cause 4,0,350,0%,19.85
enseigne lumineuse led prix,0,350,0%,25.62
iphone 8s,0,350,0%,33.03
enseigne lumineuse magasin,0,350,0%,44.43
mario rabbids kingdom battle,0,349,0%,47.08
kleine mobiele telefoon,0,349,0%,66.54
asus rog strix,0,346,0%,26
clavier azerty français,0,346,0%,34.96
led enseigne,0,346,0%,39.64
cable apple,0,344,0%,28.3
iphone 7 plus batterij,0,339,0%,39.81
a600 samsung,0,339,0%,41.35
écouteurs akg,0,337,0%,12.64
macbook pro oplader,0,337,0%,31.22
boitier pour disque dur,0,337,0%,34.98
hd satellietdecoder,0,337,0%,62.96
oreillette bluetooth samsung,0,333,0%,46.16
tplink,0,332,0%,61.45
rog,0,331,0%,37.92
macbook air 2014,0,330,0%,28.49
réparation trottinette électrique bruxelles,0,330,0%,88.48
a6,0,329,0%,63.61
koeling laptop,0,327,0%,31.49
manette ps4,0,327,0%,51.77
repeater wifi,0,326,0%,41.14
apple earphones,0,325,0%,51.5
google bluetooth speaker​,0,324,0%,22.06
enseigne publicitaire magasin,0,323,0%,75.86
chargeur apple lightning,0,322,0%,24.48
enceinte bluetooth,0,322,0%,77.87
ipad mini 16gb,0,321,0%,31.64
enseigne panneau publicitaire,0,319,0%,63.93
tax identification number belgium,0,318,0%,1.03
lightning kabel,0,316,0%,37.77
casque bluetooth micro,0,311,0%,28
enseigne led prix,0,310,0%,24.28
enceinte sans fil,0,309,0%,57.88
coque batterie,0,308,0%,17.29
chargeur magsafe 2,0,308,0%,74.09
pc tablette 2 en 1,0,308,0%,83.67
ipad air 16gb,0,307,0%,34.19
décodeur iptv wifi,0,305,0%,13.36
apple kabel,0,305,0%,28.95
telecomande iptv,0,304,0%,8.71
apple mac oplader,0,304,0%,37.84
hp hq tre 71025 specs,0,302,0%,30.86
mac book air,0,302,0%,44.61
panneau publicitaire lumineux prix,0,301,0%,29.2
hoverboards,0,295,0%,74.06
support velo gsm,0,294,0%,35.43
wifi-extenders,0,294,0%,66.21
samsung galaxy note,0,293,0%,37.88
chargeur ordinateur portable,0,292,0%,55.49
s6,0,291,0%,36.38
écran de remplacement pour iphone 5c,0,289,0%,35.04
google pixel,0,289,0%,39.69
écran de rechange ipad 2,0,289,0%,52.63
televiseur 4k hdr,0,289,0%,63.34
macbook air pro,0,288,0%,43.65
chargeur magsafe 1,0,288,0%,66.98
eo-mg920,0,287,0%,68.69
chargeur mac apple,0,286,0%,25.24
boitier disque dur,0,286,0%,40.35
macbook air 2017,0,284,0%,71.04
"apple lightning vers jack (3,5 mm)",0,283,0%,26.8
"jack 3,5 mm vers apple lightning",0,283,0%,27.01
ipad4,0,283,0%,29.41
apple lightning charger,0,283,0%,33.33
lecteur de carte d'identité,0,283,0%,59.99
samsung ue55nu7100,0,280,0%,62.31
macbook air 2013,0,278,0%,23.47
a13,0,278,0%,51.42
samsung tablet 10.1,0,277,0%,30.85
panneau publicitaire magasin,0,277,0%,63.69
apple laptop-oplader,0,276,0%,40.81
apple iphone xs max,0,276,0%,46.95
apple laptop charger,0,274,0%,55.62
hp spectre x360 13,0,273,0%,17.88
i pad 4,0,273,0%,30.32
ipad 16gb,0,272,0%,23.9
chargeur sans fil,0,270,0%,53.52
mac pro oplader,0,267,0%,34.39
iphone 7 batterij,0,267,0%,39.62
nintendo nes pas cher,0,267,0%,80.43
macbook air retina 13,0,266,0%,33.15
enseigne publicitaires,0,266,0%,58.15
draadloze adapter,0,262,0%,87.44
mini clavier sans fil,0,261,0%,62.86
petit clavier sans fil,0,261,0%,67.89
red dead redemption ps4,0,260,0%,30.34
apple laptop prijs,0,259,0%,89.1
azerty,0,258,0%,33.18
chargeur officiel samsung,0,257,0%,24.03
ps4 controllers,0,257,0%,66.18
batterie iphone,0,256,0%,28.07
prix enseigne lumineuse,0,256,0%,56.92
ps4 controller,0,256,0%,62.82
oneplus 3t,0,255,0%,13.34
enseigne ledpanneaux lumineux,0,255,0%,39.42
trottinette électrique xiaomi,0,255,0%,46.93
samsung sj5,0,253,0%,25.64
laptop macbook air,0,253,0%,38.74
64gb micro sd,0,253,0%,70.31
enseigne,0,253,0%,86.04
wifi versterkers,0,252,0%,76.52
support gsm voiture,0,251,0%,17.81
iphone batterie,0,251,0%,24.74
enseigne panneau,0,251,0%,78.64
home cinema 5.1,0,249,0%,48.43
adaptateur externe wifi,0,248,0%,35.47
samsung s 8 plus,0,248,0%,65.02
protege ecran samsung,0,247,0%,29.15
macbook air 2018,0,247,0%,79.7
retro cd speler,0,246,0%,20.8
macbook chargeur,0,246,0%,30.33
signaalversterker wifi,0,245,0%,17.51
hp laptop 4g,0,245,0%,49.72
vitre iphone 5s,0,244,0%,67.7
samsung sm a600,0,241,0%,36.75
samsung nu7000,0,241,0%,42.31
note 8 prix,0,240,0%,30.4
gsm telefoon,0,240,0%,38.21
usb to micro usb adapter,0,239,0%,40.07
asus rog strix g15,0,239,0%,45.37
book case iphone 8,0,238,0%,17.15
tiger iptv,0,238,0%,25.13
nokia lumia 920,0,238,0%,30.52
cable usb c iphone,0,238,0%,36.63
samsung sm-a600,0,237,0%,36.72
enseigne/panneau,0,237,0%,73.98
coque iphone xs transparente,0,237,0%,77.96
telecommande pour iptv,0,236,0%,11.67
galaxie s6,0,236,0%,23.65
galaxie s8,0,236,0%,30.78
fietshouder smartphone,0,236,0%,41.23
publicité lumineuse,0,236,0%,65.19
haut-parleurs sans fil,0,235,0%,39.16
booster wifi,0,235,0%,42.62
mac pro charger,0,235,0%,53.98
internet versterker,0,235,0%,69.01
klipad tablette,0,234,0%,18.29
nouveau nokia 3310,0,234,0%,28.9
ipad 2 mini,0,231,0%,39.53
wifi extenders,0,231,0%,80.35
gt sport,0,230,0%,12.04
karaoké cd pour les enfants,0,229,0%,62.12
enseigne et enseigne lumineuse,0,229,0%,62.97
telefoon samsung s8,0,228,0%,30.39
usb-c kabel iphone,0,228,0%,47.6
tablette 2 en 1,0,228,0%,50.7
enseigne lumineuse commerce,0,228,0%,61.99
samsung a50 128gb,0,227,0%,30.38
wi-fi tp link,0,226,0%,47.59
protege ecran iphone xs max,0,225,0%,7.85
galaxy tab 3 lite,0,225,0%,24.35
apple mac charger,0,225,0%,62.74
adaptateur iphone usb,0,224,0%,38.7
lg gsm,0,223,0%,38.56
azerty laptop,0,222,0%,28.01
enseigne intérieure lumineuse,0,221,0%,31.64
toshiba c50d amd e1,0,221,0%,46.36
enseigne panneau prix,0,221,0%,66.89
samsung galaxy s 8,0,220,0%,24.79
tp link,0,220,0%,44.26
macbook air 2019,0,220,0%,82.61
enseigne luminaire belgique,0,219,0%,53.11
protege ecran iphone xs,0,218,0%,10.39
wifi-repeater,0,218,0%,43.91
enseignes publicitaire,0,218,0%,56.95