Pages les plus populaires,Clics,Impressions,CTR,Position
https://belmobile.be/pages/tarifs-reparation-iphone-11,10265,320476,3.2%,9.77
https://belmobile.be/pages/reparation-iphone-13-prix,3262,156609,2.08%,9.32
https://belmobile.be/pages/reparation-playstation-5,2113,45277,4.67%,10.5
https://belmobile.be/pages/rachat-gsm-bruxelles,1874,48766,3.84%,13.84
https://belmobile.be/pages/tarifs-reparation-iphone-14-pro,1641,58951,2.78%,8.47
https://belmobile.be/pages/reparation-iphone-x,1593,77863,2.05%,13.9
https://belmobile.be/pages/rachat-reprise-revendre-cash-appareils-high-tech-bruxelles,1536,40326,3.81%,19.95
https://belmobile.be/pages/reparation-iphone-12-pro,1341,85958,1.56%,12.08
https://belmobile.be/pages/rachat-iphone-bruxelles,1153,45995,2.51%,12.6
https://belmobile.be/nl/pages/iphone-11-tarieven-reparatie,881,82529,1.07%,24.53
https://belmobile.be/pages/reparation-iphone-14-pro-max,827,22426,3.69%,10.59
https://belmobile.be/pages/reparation-smartphone-bruxelles,820,57325,1.43%,8.99
https://belmobile.be/pages/tarifs-reparation-iphone-12,794,40581,1.96%,10.64
https://belmobile.be/pages/reparation-iphone-12-mini,780,28268,2.76%,14.07
https://belmobile.be/pages/reparation-samsung-galaxy-s23-ultra,675,13644,4.95%,12.53
https://belmobile.be/pages/reparation-iphone-15-pro,668,27221,2.45%,9.12
https://belmobile.be/pages/reparation-samsung-galaxy-s22-ultra,637,11458,5.56%,9.78
https://belmobile.be/pages/reparation-iphone-xr,615,39958,1.54%,18.89
https://belmobile.be/pages/reparation-iphone-se-2020,593,22539,2.63%,15.11
https://belmobile.be/pages/reparation-samsung-galaxy-a14,591,27380,2.16%,10.23
https://belmobile.be/pages/reparation-iphone-12-pro-max,570,24941,2.29%,19.78
https://belmobile.be/pages/reparation-iphone-xs,567,21894,2.59%,14.32
https://belmobile.be/pages/grossiste-accessoires-gsm-smartphone-tablette-bruxelles,549,21827,2.52%,40.05
https://belmobile.be/pages/reparation-galaxy-z-flip4,525,10725,4.9%,12.14
https://belmobile.be/pages/reparation-playstation-4-slim-ps4-pro,515,23402,2.2%,22.49
https://belmobile.be/pages/reparation-3ds-2ds-xl-bruxelles,488,6584,7.41%,16.49
https://belmobile.be/pages/reparation-iphone-13-pro-max,434,18916,2.29%,16.06
https://belmobile.be/pages/reparation-express-smartphone-tablette-et-ordinateur-a-bruxelles,418,53454,0.78%,15.03
https://belmobile.be/pages/reparation-iphone-13-pro,416,18916,2.2%,10.43
https://belmobile.be/pages/reparation-iphone-se-2022,375,12310,3.05%,16.48
https://belmobile.be/pages/reparation-sony-playstation-bruxelles,368,15430,2.38%,10.28
https://belmobile.be/pages/reparation-samsung-galaxy-s22,364,7313,4.98%,10.29
https://belmobile.be/pages/reparation-switch-lite-bruxelles,363,10060,3.61%,17.11
https://belmobile.be/pages/rachat-macbook-bruxelles,359,15372,2.34%,19.89
https://belmobile.be/pages/reparation-samsung-galaxy-a54,350,12729,2.75%,10.37
https://belmobile.be/pages/reparation-iphone-11-pro,346,20956,1.65%,17.94
https://belmobile.be/pages/revendre-ordinateur-pc-portable,333,7785,4.28%,26.22
https://belmobile.be/pages/reparation-samsung-galaxy-tab-a8-10-5-2021,301,11914,2.53%,19.47
https://belmobile.be/pages/reparation-samsung-galaxy-z-flip-5g,292,5196,5.62%,8.47
https://belmobile.be/pages/revendre-iphone-16,291,5823,5%,9.33
https://belmobile.be/pages/reparation-iphone-11-pro-max,290,21921,1.32%,23.23
https://belmobile.be/pages/reparation-xbox-series-x,288,4299,6.7%,13.57
https://belmobile.be/pages/reparation-iphone-13-mini,287,12335,2.33%,13
https://belmobile.be/pages/reparation-iphone-14-plus,280,10581,2.65%,8.92
https://belmobile.be/pages/grossiste-pieces-detachees-iphone-bruxelles,275,10752,2.56%,29.58
https://belmobile.be/nl/pages/samsung-galaxy-s22-ultra-reparatie,271,9375,2.89%,38.72
https://belmobile.be/pages/revendre-iphone,251,11884,2.11%,23.53
https://belmobile.be/nl/pages/iphone-12-tarieven-reparatie,234,23814,0.98%,27.46
https://belmobile.be/pages/magasin-informatique-bruxelles,229,31988,0.72%,12.93
https://belmobile.be/nl/pages/iphone-13-reparatie-prijs,228,16183,1.41%,23.07
https://belmobile.be/pages/reparation-samsung-galaxy-s23,220,4943,4.45%,10.22
https://belmobile.be/nl/pages/samsung-galaxy-a14-reparatie,217,26914,0.81%,37
https://belmobile.be/pages/revendre-iphone-15,217,5946,3.65%,14.19
https://belmobile.be/pages/reparation-galaxy-z-flip3,215,4701,4.57%,11.79
https://belmobile.be/pages/reparation-samsung-galaxy-a53,215,4691,4.58%,9.9
https://belmobile.be/pages/revendre-iphone-11,212,10689,1.98%,17.3
https://belmobile.be/pages/reparation-ordinateur-bruxelles,198,32794,0.6%,18.35
https://belmobile.be/pages/revendre-iphone-13,192,6406,3%,10.48
https://belmobile.be/pages/reparation-galaxy-s20,187,3026,6.18%,14.47
https://belmobile.be/pages/reparation-galaxy-s21,181,3223,5.62%,14.8
https://belmobile.be/pages/deblocage-iphone-bruxelles,179,14994,1.19%,9.3
https://belmobile.be/pages/reparation-console,172,7186,2.39%,10.45
https://belmobile.be/pages/revendre-ps5,172,4552,3.78%,17.08
https://belmobile.be/pages/reparation-samsung-galaxy-s21-ultra,169,4307,3.92%,15.62
https://belmobile.be/pages/reparation-galaxy-z-fold3,164,3354,4.89%,11.86
https://belmobile.be/pages/reparation-iphone-xs-max,162,7193,2.25%,20.89
https://belmobile.be/pages/reparation-samsung-galaxy-z-fold4,161,3227,4.99%,11.05
https://belmobile.be/pages/rachat-ipad-bruxelles,158,6111,2.59%,16.75
https://belmobile.be/pages/revendre-smartphone,156,4002,3.9%,16.54
https://belmobile.be/nl/pages/reparatie-nintendo-3ds-2ds-xl-brussel,156,3097,5.04%,18.68
https://belmobile.be/pages/reparation-ipad-10,151,4480,3.37%,13.72
https://belmobile.be/pages/revendre-iphone-15-pro-max,149,4565,3.26%,19.38
https://belmobile.be/nl/pages/groothandel-gsm-smartphone-tablet-accessoires-brussel,148,7390,2%,42.51
https://belmobile.be/pages/reparation-samsung-galaxy-a34,148,4731,3.13%,12.37
https://belmobile.be/pages/reparation-samsung-galaxy-a04s,147,8615,1.71%,12.81
https://belmobile.be/pages/revendre-samsung,143,10383,1.38%,30.55
https://belmobile.be/pages/reparation-galaxy-a52,143,3687,3.88%,10.08
https://belmobile.be/pages/reparation-galaxy-a51,141,6057,2.33%,12.19
https://belmobile.be/pages/revendre-iphone-14,139,4012,3.46%,10.29
https://belmobile.be/pages/revendre,139,3419,4.07%,14.96
https://belmobile.be/pages/reparation-xiaomi-13-pro,139,2748,5.06%,9.77
https://belmobile.be/pages/revendre-apple-watch,136,4059,3.35%,22.94
https://belmobile.be/pages/reparation-galaxy-s20-fe,134,2534,5.29%,16.1
https://belmobile.be/pages/reparation-nintendo-bruxelles,132,3190,4.14%,12.18
https://belmobile.be/pages/revendre-smartwatch,131,1057,12.39%,23.02
https://belmobile.be/pages/reparation-iphone-anderlecht,130,15301,0.85%,24.75
https://belmobile.be/pages/reparation-smartwatch,128,2389,5.36%,17.44
https://belmobile.be/pages/reparation-huawei-bruxelles,126,7132,1.77%,12.24
https://belmobile.be/pages/reparation-p30,126,6830,1.84%,25.6
https://belmobile.be/pages/reparation-ecran-samsung-bruxelles,125,12301,1.02%,13.4
https://belmobile.be/pages/reparation-galaxy-s9,125,8154,1.53%,27.71
https://belmobile.be/pages/reparation-xbox-one,124,4666,2.66%,26.29
https://belmobile.be/pages/reparation-xiaomi-bruxelles,123,5215,2.36%,7.98
https://belmobile.be/pages/revendre-iphone-12-pro,119,7860,1.51%,19.33
https://belmobile.be/nl/pages/samsung-galaxy-a54-reparatie,118,6613,1.78%,28.32
https://belmobile.be/pages/revendre-iphone-15-pro,116,7250,1.6%,13.99
https://belmobile.be/pages/reparation-galaxy-a12,115,5740,2%,18.4
https://belmobile.be/pages/reparation-redmi-10,114,2529,4.51%,11.96
https://belmobile.be/pages/reparation-galaxy-a50,113,3510,3.22%,18.8
https://belmobile.be/pages/reparation-ipad-pro-12-9-2020,112,2917,3.84%,12.02
https://belmobile.be/pages/revendre-iphone-13-pro-max,109,10419,1.05%,18.45
https://belmobile.be/pages/reparation-galaxy-s10,107,4412,2.43%,20.63
https://belmobile.be/pages/reparation-samsung-galaxy-watch-4-classic,105,4119,2.55%,11.14
https://belmobile.be/pages/reparation-galaxy-s10-plus,102,3534,2.89%,26.83
https://belmobile.be/nl/pages/revendre-smartwatch,102,2746,3.71%,49.33
https://belmobile.be/pages/revendre-iphone-x,101,7920,1.28%,20.95
https://belmobile.be/pages/reparation-redmi-note-12-pro,100,3418,2.93%,15.84
https://belmobile.be/pages/reparation-redmi-note-12,100,3249,3.08%,10.75
https://belmobile.be/pages/reparation-playstation-3-ps3-slim,98,5179,1.89%,23.98
https://belmobile.be/pages/reparation-samsung-galaxy-a23,97,4227,2.29%,15.22
https://belmobile.be/pages/reparation-p30-lite,95,6351,1.5%,24.95
https://belmobile.be/pages/revendre-samsung-galaxy-s23,95,4205,2.26%,16.17
https://belmobile.be/pages/reparation-ipad-pro-11-2021,94,2427,3.87%,15.91
https://belmobile.be/pages/revendre-galaxy-s22,93,5591,1.66%,13.46
https://belmobile.be/pages/microsoudure-iphone-bruxelles,89,6502,1.37%,22.14
https://belmobile.be/pages/revendre-iphone-14-pro,88,5117,1.72%,29.16
https://belmobile.be/pages/reparation-switch-oled,88,1501,5.86%,10.8
https://belmobile.be/pages/reparation-apple-watch,87,3760,2.31%,25.66
https://belmobile.be/pages/avis-des-clients,86,3882,2.22%,3.45
https://belmobile.be/pages/reparation-p30-pro,84,3285,2.56%,22.7
https://belmobile.be/pages/reparation-galaxy-a71,84,1695,4.96%,13.09
https://belmobile.be/pages/revendre-iphone-14-pro-max,82,5548,1.48%,17.51
https://belmobile.be/pages/reparation-iphone-15,81,4408,1.84%,11.12
https://belmobile.be/pages/revendre-samsung-galaxy-s23-ultra,79,3774,2.09%,21.06
https://belmobile.be/pages/reparation-apple-watch-bruxelles,79,3220,2.45%,18.86
https://belmobile.be/pages/reparation-galaxy-s21-fe,77,1571,4.9%,15.06
https://belmobile.be/pages/demande-devis-gratuit-reparation-panne,75,22295,0.34%,12.48
https://belmobile.be/nl/pages/reparation-samsung-galaxy-tab-s6,75,5789,1.3%,29.71
https://belmobile.be/pages/reparation-redmi-12c,75,3494,2.15%,13.79
https://belmobile.be/pages/reparation-galaxy-s20-plus,75,1022,7.34%,15.53
https://belmobile.be/pages/remplacement-batterie-iphone,73,9971,0.73%,17.99
https://belmobile.be/pages/revendre-apple-ipad,73,2533,2.88%,24.44
https://belmobile.be/nl/pages/reparation-playstation-4-slim-ps4-pro,70,17890,0.39%,34.11
https://belmobile.be/pages/reparation-iphone-schaerbeek,70,5700,1.23%,10.59
https://belmobile.be/pages/revendre-galaxy-z-flip4,68,3183,2.14%,13.11
https://belmobile.be/pages/reparation-p20,67,4160,1.61%,26.41
https://belmobile.be/pages/reparation-ipad-air-5,67,2601,2.58%,30.23
https://belmobile.be/pages/reparation-tablette-bruxelles,66,4396,1.5%,12.89
https://belmobile.be/pages/reparation-galaxy-a22,66,1878,3.51%,16.11
https://belmobile.be/pages/revendre-iphone-16-pro-max,66,1535,4.3%,10.49
https://belmobile.be/nl/pages/reparation-samsung-galaxy-watch-4-classic,64,3781,1.69%,24.01
https://belmobile.be/pages/reparation-galaxy-a70,64,2810,2.28%,16.26
https://belmobile.be/pages/reparation-iphone-15-plus,64,1699,3.77%,11.17
https://belmobile.be/pages/revendre-iphone-12-pro-max,63,3669,1.72%,17.51
https://belmobile.be/pages/reparation-galaxy-note-20-ultra,63,1092,5.77%,17.11
https://belmobile.be/nl/pages/iphone-se-2022-reparatie,62,6213,1%,35.15
https://belmobile.be/pages/reparation-ecran-iphone-bruxelles,61,15534,0.39%,9.97
https://belmobile.be/pages/reparation-galaxy-s8-plus,60,12457,0.48%,37.35
https://belmobile.be/pages/reparation-connecteur-iphone,60,6211,0.97%,11.21
https://belmobile.be/pages/reparation-iphone-16-pro-max,60,3298,1.82%,9.55
https://belmobile.be/pages/reparation-samsung-galaxy-tab-s7,60,1408,4.26%,24.23
https://belmobile.be/pages/jobs,58,1371,4.23%,24.34
https://belmobile.be/pages/reparation-galaxy-s20-ultra,57,928,6.14%,12.09
https://belmobile.be/nl/pages/gsm-inkoop-brussel,56,3768,1.49%,42.3
https://belmobile.be/nl/pages/reparation-samsung-galaxy-tab-s6-lite,56,1803,3.11%,53.89
https://belmobile.be/pages/reparation-samsung-galaxy-a33,56,1651,3.39%,10.22
https://belmobile.be/pages/reparation-samsung-galaxy-tab-s6-lite,56,607,9.23%,10.83
https://belmobile.be/pages/reparation-iphone-molenbeek,55,6820,0.81%,9.07
https://belmobile.be/nl/pages/reparation-sony-playstation-bruxelles,54,12667,0.43%,37.33
https://belmobile.be/pages/reparation-samsung-galaxy-tab-s5-e,54,2549,2.12%,33.51
https://belmobile.be/pages/reparation-iphone-15-pro-max,54,1603,3.37%,11.16
https://belmobile.be/pages/reparation-samsung-galaxy-tab-s8-plus,54,586,9.22%,17.25
https://belmobile.be/pages/revendre-galaxy-s22-ultra,52,3805,1.37%,22.8
https://belmobile.be/nl/pages/samsung-galaxy-s23-ultra-reparatie,52,2075,2.51%,15.37
https://belmobile.be/nl/pages/samsung-galaxy-a53-reparatie,51,1724,2.96%,19.64
https://belmobile.be/nl/pages/iphone-14-pro-verkopen,50,11607,0.43%,46.06
https://belmobile.be/pages/reparation-samsung-galaxy-tab-a7,50,1530,3.27%,15.29
https://belmobile.be/nl/pages/iphone-scherm-reparatie-brussel,49,6342,0.77%,52.99
https://belmobile.be/pages/revendre-iphone-xr,49,5407,0.91%,21.88
https://belmobile.be/nl/pages/reparation-samsung-galaxy-tab-s7-fe,48,1995,2.41%,33.32
https://belmobile.be/pages/revendre-tablette,48,668,7.19%,14.18
https://belmobile.be/pages/ups-access-point-belmobile-be,47,37415,0.13%,11.07
https://belmobile.be/pages/reparation-samsung-galaxy-a13,47,2257,2.08%,13.57
https://belmobile.be/pages/revendre-iphone-13-mini,46,3823,1.2%,15.79
https://belmobile.be/nl/pages/revendre-ordinateur-pc-portable,46,2742,1.68%,50.99
https://belmobile.be/pages/reparation-samsung-galaxy-tab-s6,46,1272,3.62%,49.44
https://belmobile.be/pages/reparation-samsung-galaxy-tab-s7-fe,46,1242,3.7%,17.67
https://belmobile.be/nl/pages/iphone-13-verkopen,44,17760,0.25%,38.22
https://belmobile.be/nl/pages/computer-reparatie-brussel,44,8594,0.51%,45.47
https://belmobile.be/pages/recuperation-donnees-iphone,44,1974,2.23%,28.54
https://belmobile.be/pages/reparation-samsung-galaxy-a03s,44,1456,3.02%,12.33
https://belmobile.be/nl/pages/verkopen-iphone-brussel,43,34046,0.13%,46.05
https://belmobile.be/pages/revendre-iphone-13-pro,43,2213,1.94%,17.62
https://belmobile.be/pages/reparation-xiaomi-13,43,1246,3.45%,9.4
https://belmobile.be/pages/reparation-galaxy-a32,42,1176,3.57%,9.91
https://belmobile.be/pages/revendre-galaxy-z-flip-5g,41,561,7.31%,13.54
https://belmobile.be/pages/reparation-samsung-galaxy-tab-s7-plus,41,291,14.09%,10.27
https://belmobile.be/pages/reparation-mate-20-lite,39,2318,1.68%,32.22
https://belmobile.be/pages/reparation-galaxy-a21s,38,2002,1.9%,20.96
https://belmobile.be/nl/pages/reparation-playstation-3-ps3-slim,37,6537,0.57%,22.39
https://belmobile.be/pages/reparation-ipad-8,37,2978,1.24%,19.2
https://belmobile.be/nl/pages/reparation-samsung-galaxy-tab-a7,37,2165,1.71%,22.97
https://belmobile.be/pages/reparation-galaxy-note-10-plus,37,972,3.81%,21.97
https://belmobile.be/pages/reparation-samsung-galaxy-a55,37,900,4.11%,8.34
https://belmobile.be/pages/revendre-p30-pro,36,1977,1.82%,14.12
https://belmobile.be/nl/pages/samsung-galaxy-s23-ultra-verkopen,36,1392,2.59%,17.95
https://belmobile.be/pages/reparation-samsung-galaxy-s21-plus,36,1246,2.89%,28.06
https://belmobile.be/pages/reparation-mi-11-pro,36,801,4.49%,10.76
https://belmobile.be/nl/pages/samsung-galaxy-s21-plus-reparatie,35,7436,0.47%,31.45
https://belmobile.be/pages/revendre-iphone-xs,35,2648,1.32%,21.16
https://belmobile.be/pages/reparation-samsung-galaxy-z-fold2,35,629,5.56%,9.73
https://belmobile.be/nl/pages/smartphone-verkopen,34,3207,1.06%,45.9
https://belmobile.be/pages/reparation-galaxy-a40,34,2218,1.53%,33.28
https://belmobile.be/pages/reparation-huawei-p20-pro,34,1395,2.44%,36.89
https://belmobile.be/pages/revendre-galaxy-s21,34,1233,2.76%,14.34
https://belmobile.be/nl/pages/samsung-galaxy-a34-reparatie,33,1276,2.59%,16.28
https://belmobile.be/pages/reparation-galaxy-a41,33,1067,3.09%,15.99
https://belmobile.be/pages/reparation-galaxy-s10e,33,1051,3.14%,29.53
https://belmobile.be/pages/revendre-galaxy-z-fold,33,778,4.24%,17.38
https://belmobile.be/pages/contactez-nous,32,5511,0.58%,3.67
https://belmobile.be/pages/reparation-iphone-16-pro,32,816,3.92%,13.64
https://belmobile.be/pages/recyclage-iphone,30,7649,0.39%,25.55
https://belmobile.be/nl/pages/iphone-reparatie-brussel,30,6757,0.44%,59.1
https://belmobile.be/pages/revendre-iphone-11-pro-max,30,3838,0.78%,19.38
https://belmobile.be/pages/reparation-ipad-pro-10-5-2017,29,637,4.55%,14.21
https://belmobile.be/nl/pages/inkoop-ipad-brussel,28,28448,0.1%,42.5
https://belmobile.be/nl/pages/rachat-macbook-bruxelles,28,23596,0.12%,37.88
https://belmobile.be/pages/reparation-mac-bruxelles,28,11200,0.25%,16.9
https://belmobile.be/nl/pages/smartphone-reparatie-brussel,28,8603,0.33%,64.37
https://belmobile.be/pages/reparation-samsung-galaxy-tab-4-7-0,28,3109,0.9%,35.17
https://belmobile.be/pages/reparation-galaxy-a10,28,1990,1.41%,29.25
https://belmobile.be/pages/reparation-samsung-galaxy-tab-a7-lite,28,807,3.47%,12.85
https://belmobile.be/pages/reparation-ipad-9,27,1297,2.08%,13.03
https://belmobile.be/nl/pages/iphone-15-pro-max-verkopen,26,5076,0.51%,50.02
https://belmobile.be/pages/revendre-iphone-12-mini,26,3092,0.84%,18.2
https://belmobile.be/nl/pages/groothandel-iphone-onderdelen-brussel,26,2743,0.95%,34.92
https://belmobile.be/pages/revendre-galaxy-a52,26,493,5.27%,21.53
https://belmobile.be/pages/reparation-galaxy-s7-edge,25,8303,0.3%,56.94
https://belmobile.be/pages/revendre-huawei,25,1238,2.02%,24.3
https://belmobile.be/pages/reparation-ipad-air-4,25,1131,2.21%,11.06
https://belmobile.be/nl/pages/redmi-note-12-reparatie,25,382,6.54%,7.15
https://belmobile.be/nl/pages/samsung-galaxy-s21-ultra-reparatie,24,4725,0.51%,35.57
https://belmobile.be/pages/desoxydation-smartphone-bruxelles,24,3323,0.72%,34.46
https://belmobile.be/nl/pages/samsung-galaxy-s23-verkopen,24,2943,0.82%,43.16
https://belmobile.be/pages/reparation-macbook-air-m2,24,1338,1.79%,27.23
https://belmobile.be/pages/reparation-samsung-galaxy-a20e,24,1327,1.81%,25.74
https://belmobile.be/pages/revendre-galaxy-s10,24,1145,2.1%,18.22
https://belmobile.be/nl/pages/reparation-samsung-galaxy-tab-s7-plus,24,155,15.48%,14.06
https://belmobile.be/nl/pages/reparation-samsung-galaxy-tab-a7-lite,23,1854,1.24%,30.72
https://belmobile.be/nl/pages/samsung-galaxy-a23-reparatie,23,555,4.14%,15.55
https://belmobile.be/pages/reparation-iphone-bruxelles,22,11737,0.19%,15.34
https://belmobile.be/nl/pages/galaxy-s22-verkopen,22,3242,0.68%,28.56
https://belmobile.be/nl/pages/uw-high-tech-apparaten-cash-verkopen-brussel,22,2576,0.85%,56.14
https://belmobile.be/pages/reparation-galaxy-note-9,22,634,3.47%,33.09
https://belmobile.be/pages/reparation-samsung-galaxy-a73,21,768,2.73%,13.78
https://belmobile.be/pages/reparation-ipad-mini-4,21,649,3.24%,34.91
https://belmobile.be/nl/pages/iphone-se-2020-reparatie,20,4025,0.5%,30.69
https://belmobile.be/pages/activation-sim,20,3964,0.5%,29.79
https://belmobile.be/pages/reparation-mate-20-pro,20,672,2.98%,25
https://belmobile.be/pages/reparation-ipad-pro-12-9-2022,20,336,5.95%,7.44
https://belmobile.be/pages/revendre-samsung-galaxy-a54,20,285,7.02%,7.82
https://belmobile.be/nl/pages/iphone-verkopen,19,9585,0.2%,60.15
https://belmobile.be/pages/revendre-galaxy-s23-plus,19,2554,0.74%,31.21
https://belmobile.be/nl/pages/galaxy-s21-verkopen,19,2447,0.78%,28.38
https://belmobile.be/pages/reparations-pc-portable-laptop,19,1861,1.02%,42.43
https://belmobile.be/pages/reparation-samsung-galaxy-tab-s2-9-7,19,982,1.93%,36.67
https://belmobile.be/pages/reparation-xbox-360-bruxelles,19,471,4.03%,41.75
https://belmobile.be/nl/pages/winkel-informatica-brussel,18,5400,0.33%,25.08
https://belmobile.be/pages/reprise-iphone-bruxelles,18,4780,0.38%,20.49
https://belmobile.be/pages/reparation-p-smart-pro-2019,18,1559,1.15%,36.09
https://belmobile.be/pages/reparation-galaxy-a20,18,1027,1.75%,19.32
https://belmobile.be/pages/revendre-galaxy-z-flip3,18,851,2.12%,12.28
https://belmobile.be/pages/tempo-orange-belmobile-be,17,6262,0.27%,17.27
https://belmobile.be/nl/pages/huawei-reparatie-brussel,17,2910,0.58%,39.72
https://belmobile.be/pages/revendre-iphone-14-plus,17,1645,1.03%,23.53
https://belmobile.be/pages/reparation-samsung-galaxy,17,1415,1.2%,17.98
https://belmobile.be/nl/pages/reparation-samsung-galaxy-tab-a8-10-5-2021,17,1391,1.22%,34.3
https://belmobile.be/nl/pages/samsung-galaxy-a33-reparatie,17,624,2.72%,25.37
https://belmobile.be/pages/reparation-galaxy-a72,17,441,3.85%,14.53
https://belmobile.be/nl/pages/galaxy-s22-ultra-verkopen,16,2124,0.75%,22.77
https://belmobile.be/pages/reparation-macbook-air-m1,16,841,1.9%,28.23
https://belmobile.be/nl/pages/reparation-galaxy-tab-s8-ultra,16,808,1.98%,60.61
https://belmobile.be/pages/revendre-galaxy-s21-ultra,16,410,3.9%,11.48
https://belmobile.be/nl/pages/iphone-12-mini-verkopen,15,15978,0.09%,36.08
https://belmobile.be/nl/pages/iphone-14-pro-max-verkopen,15,2730,0.55%,51.13
https://belmobile.be/nl/pages/galaxy-z-flip4-verkopen,15,2429,0.62%,45.42
https://belmobile.be/nl/pages/samsung-galaxy-s22-plus-reparatie,15,2169,0.69%,52.81
https://belmobile.be/pages/revendre-galaxy-s9-plus,15,1642,0.91%,16.73
https://belmobile.be/pages/revendre-iphone-15-plus,15,948,1.58%,28.73
https://belmobile.be/pages/reparation-galaxy-s8,15,287,5.23%,35.79
https://belmobile.be/pages/reparation-ipad-pro-11-2018,15,239,6.28%,11.04
https://belmobile.be/pages/reparation-galaxy-tab-s8-ultra,15,201,7.46%,14.78
https://belmobile.be/pages/reparation-apple-iphone,14,2044,0.68%,25.17
https://belmobile.be/pages/reparation-samsung-galaxy-tab-s4-10-5,14,1301,1.08%,46.6
https://belmobile.be/pages/revendre-galaxy-a51,14,415,3.37%,9.76
https://belmobile.be/pages/reparation-galaxy-note-10,14,231,6.06%,18.35
https://belmobile.be/nl/pages/iphone-12-mini-reparatie,13,1592,0.82%,25.19
https://belmobile.be/nl/pages/reparation-iphone-16-plus,13,343,3.79%,12.42
https://belmobile.be/pages/reparation-poco-x5-pro,13,261,4.98%,10.11
https://belmobile.be/pages/reparation-samsung-galaxy-s22-plus,13,189,6.88%,27.88
https://belmobile.be/pages/reparation-galaxy-s7,12,1441,0.83%,55.94
https://belmobile.be/nl/pages/reparation-nintendo-bruxelles,12,883,1.36%,31.7
https://belmobile.be/pages/reparation-ipad,12,554,2.17%,17.65
https://belmobile.be/nl/pages/iphone-13-pro-max-reparatie,12,532,2.26%,18.7
https://belmobile.be/pages/reparation-samsung-galaxy-watch-5-pro,12,263,4.56%,8.86
https://belmobile.be/pages/revendre-samsung-galaxy-a15,12,257,4.67%,11.54
https://belmobile.be/pages/reparation-ipad-pro-11-2022,12,225,5.33%,10.37
https://belmobile.be/pages/scarlet,11,17929,0.06%,38.14
https://belmobile.be/pages/reparation-ordinateur,11,1003,1.1%,41.73
https://belmobile.be/pages/reparation-mate-10-pro,11,820,1.34%,49.01
https://belmobile.be/nl/pages/reparation-playstation-5,11,632,1.74%,41.66
https://belmobile.be/pages/reparation-redmi-11a,11,343,3.21%,10.8
https://belmobile.be/nl/pages/avis-des-clients,11,244,4.51%,9.44
https://belmobile.be/pages/reparation-imac-24-m1,11,197,5.58%,19.41
https://belmobile.be/pages/reparation-galaxy-note-20,11,172,6.4%,12.37
https://belmobile.be/pages/reparation-p40-pro,11,142,7.75%,22.69
https://belmobile.be/pages/revendre-galaxy-a71,11,119,9.24%,11.73
https://belmobile.be/nl/pages/mac-reparatie-brussel,10,1948,0.51%,34.69
https://belmobile.be/pages/revendre-galaxy-s20-plus,10,1232,0.81%,14.25
https://belmobile.be/nl/pages/iphone-reparatie-anderlecht,10,1017,0.98%,21.61
https://belmobile.be/pages/reparation-galaxy-note-8,10,905,1.1%,40.17
https://belmobile.be/pages/revendre-p30,10,740,1.35%,12.49
https://belmobile.be/pages/reparation-samsung-galaxy-a24,10,437,2.29%,11.19
https://belmobile.be/pages/reparation-ipad-mini-6,10,335,2.99%,17.42
https://belmobile.be/pages/reparation-galaxy-a31,10,279,3.58%,11.34
https://belmobile.be/pages/reparation-mi-11,10,227,4.41%,12.74
https://belmobile.be/pages/reparation-ipad-mini-5,10,108,9.26%,22.73
https://belmobile.be/nl/pages/revendre-apple-watch,9,6073,0.15%,43.15
https://belmobile.be/nl/pages/iphone-12-pro-max-reparatie,9,2412,0.37%,30.29
https://belmobile.be/pages/revendre-iphone-xs-max,9,2302,0.39%,26.47
https://belmobile.be/pages/reparation-tablette,9,1665,0.54%,22.4
https://belmobile.be/nl/pages/iphone-15-pro-verkopen,9,1521,0.59%,61.12
https://belmobile.be/pages/reparation-smartphone,9,1096,0.82%,29.29
https://belmobile.be/nl/pages/iphone-moederbord-microsolderen-brussel,9,1067,0.84%,30.96
https://belmobile.be/nl/pages/reparation-samsung-galaxy-watch-3,9,308,2.92%,22.95
https://belmobile.be/pages/reparation-samsung-galaxy-tab-a-10-1-2019,9,231,3.9%,26.38
https://belmobile.be/nl/pages/redmi-10-reparatie,9,194,4.64%,11.55
https://belmobile.be/pages/reparation-mi-11-lite,9,119,7.56%,10.83
https://belmobile.be/pages/f-a-q-questions-frequentes,8,9367,0.09%,9.01
https://belmobile.be/nl/pages/samsung-scherm-reparatie-brussel,8,5051,0.16%,47.71
https://belmobile.be/nl/pages/samsung-galaxy-a13-reparatie,8,1322,0.61%,53.84
https://belmobile.be/nl/pages/aanvraag-gratis-offerte-reparatie,8,1303,0.61%,82.62
https://belmobile.be/nl/pages/iphone-13-mini-reparatie,8,1214,0.66%,50.9
https://belmobile.be/pages/revendre-iphone-12,8,1096,0.73%,17.38
https://belmobile.be/nl/pages/reparation-samsung-galaxy-tab-active3,8,1073,0.75%,49.42
https://belmobile.be/pages/revendre-galaxy-s8,8,771,1.04%,16.25
https://belmobile.be/pages/revendre-galaxy-s20-fe,8,644,1.24%,14.92
https://belmobile.be/pages/choisissez-votre-appareil,8,633,1.26%,8.17
https://belmobile.be/nl/pages/galaxy-s9-verkopen,8,460,1.74%,29.43
https://belmobile.be/nl/pages/reparation-samsung-galaxy-watch-5-pro,8,433,1.85%,22.41
https://belmobile.be/pages/reparation-iphone-16-plus,8,295,2.71%,10.54
https://belmobile.be/pages/revendre-p20,8,245,3.27%,12.69
https://belmobile.be/pages/envoyer-appareil-vendre-recycler,8,149,5.37%,21.93
https://belmobile.be/pages/reparation-ipad-air-3,8,147,5.44%,12.03
https://belmobile.be/pages/revendre-galaxy-a70,8,129,6.2%,10.93
https://belmobile.be/nl/pages/galaxy-a02s-verkopen,7,2865,0.24%,41.6
https://belmobile.be/nl/pages/iphone-reparatie-schaerbeek,7,1115,0.63%,60.71
https://belmobile.be/nl/pages/samsung-galaxy-z-fold2-reparatie,7,1072,0.65%,42.22
https://belmobile.be/pages/reparation-y9-prime-2019,7,967,0.72%,15.6
https://belmobile.be/pages/revendre-galaxy-z-fold3,7,919,0.76%,15.72
https://belmobile.be/nl/pages/iphone-reparatie-brussel-stad,7,593,1.18%,37.59
https://belmobile.be/nl/pages/galaxy-a52-reparatie,7,542,1.29%,32.44
https://belmobile.be/pages/reparation-macbook-air-13-2018-2020,7,378,1.85%,51.04
https://belmobile.be/pages/reparation-galaxy-a30s,7,349,2.01%,29.78
https://belmobile.be/pages/revendre-galaxy-a50,7,248,2.82%,10.02
https://belmobile.be/pages/reparation-galaxy-a02s,7,238,2.94%,19.68
https://belmobile.be/pages/revendre-galaxy-s7,7,193,3.63%,16.83
https://belmobile.be/pages/reparation-watch-series-8-45mm-bruxelles,7,152,4.61%,13.6
https://belmobile.be/nl/pages/huawei-verkopen,7,143,4.9%,34.41
https://belmobile.be/pages/revendre-iphone-se-2022,6,2233,0.27%,21.97
https://belmobile.be/pages/revendre-iphone-11-pro,6,2103,0.29%,26.23
https://belmobile.be/nl/pages/apple-watch-reparatie-brussel,6,1290,0.47%,42.67
https://belmobile.be/nl/pages/galaxy-z-flip4-reparatie,6,912,0.66%,53.07
https://belmobile.be/pages/reparation-samsung-galaxy-tab-4-10-1,6,697,0.86%,32.5
https://belmobile.be/pages/revendre-galaxy-a20,6,416,1.44%,16.97
https://belmobile.be/pages/reparation-samsung-tab,6,416,1.44%,22.36
https://belmobile.be/nl/pages/p30-verkopen,6,259,2.32%,23.13
https://www.belmobile.be/pages/rachat-reprise-revendre-cash-appareils-high-tech-bruxelles,6,250,2.4%,8.68
https://belmobile.be/pages/revendre-galaxy-a10,6,250,2.4%,13.68
https://belmobile.be/pages/reparation-galaxy-note-10-lite,6,237,2.53%,29.45
https://belmobile.be/pages/reparation-samsung-galaxy-s23-plus,6,181,3.31%,16.08
https://belmobile.be/pages/reparation-samsung-watch,6,172,3.49%,12.39
https://belmobile.be/nl/pages/reparatie-gameconsole,6,165,3.64%,18.1
https://belmobile.be/nl/pages/galaxy-z-flip-5g-verkopen,6,125,4.8%,18.61
https://belmobile.be/nl/pages/galaxy-a52-verkopen,5,1674,0.3%,25.23
https://belmobile.be/pages/revendre-galaxy-s20-ultra,5,1048,0.48%,15.06
https://belmobile.be/nl/pages/verkopen,5,963,0.52%,72.13
https://belmobile.be/nl/pages/reparation-samsung-galaxy-tab-s5-e,5,449,1.11%,42.81
https://belmobile.be/nl/pages/deblokkeren-iphone-brussel,5,343,1.46%,40.53
https://belmobile.be/pages/revendre-galaxy-s23-fe,5,342,1.46%,19.01
https://belmobile.be/pages/reparation-samsung-galaxy-tab-s3-9-7,5,310,1.61%,53.23
https://belmobile.be/pages/prix-rachat-reprise-iphone-ipad-macbook,5,304,1.64%,25.41
https://belmobile.be/pages/reparation-samsung-galaxy-tab-e-9-6,5,223,2.24%,24.74
https://belmobile.be/pages/revendre-mate-20-pro,5,149,3.36%,14.42
https://belmobile.be/pages/reparation-p40-lite,5,122,4.1%,19.05
https://belmobile.be/pages/reparation-poco-x5,5,111,4.5%,7.7
https://belmobile.be/pages/reparation-galaxy-s9-plus,5,109,4.59%,14.28
https://belmobile.be/pages/revendre-galaxy-note-10,5,106,4.72%,16.99
https://belmobile.be/nl/pages/reparation-switch-oled,5,102,4.9%,26.21
https://belmobile.be/pages/reparation-galaxy-tab-s8,5,100,5%,14.32
https://belmobile.be/pages/revendre-galaxy-a22,5,93,5.38%,18.28
https://belmobile.be/pages/revendre-samsung-galaxy-a53,5,41,12.2%,6.95
https://belmobile.be/nl/pages/iphone-11-pro-verkopen,4,18080,0.02%,47.46
https://belmobile.be/nl/pages/scarlet,4,6474,0.06%,55.83
https://belmobile.be/nl/pages/recyclage-iphone,4,5741,0.07%,49.15
https://belmobile.be/nl/pages/samsung-verkopen,4,2539,0.16%,46.5
https://belmobile.be/nl/pages/reparation-xbox-one,4,2161,0.19%,43.54
https://belmobile.be/pages/revendre-galaxy-s22-plus,4,1500,0.27%,18.39
https://belmobile.be/pages/revendre-galaxy-s8-plus,4,932,0.43%,19.32
https://belmobile.be/nl/pages/ipad-reparatie-brussel,4,715,0.56%,43.11
https://belmobile.be/nl/pages/galaxy-s21-fe-verkopen,4,690,0.58%,50.16
https://belmobile.be/nl/pages/galaxy-a51-verkopen,4,616,0.65%,27.62
https://belmobile.be/pages/revendre-galaxy-s10e,4,553,0.72%,14.54
https://belmobile.be/nl/pages/iphone-reparatie-molenbeek,4,452,0.88%,15.37
https://belmobile.be/pages/revendre-p30-lite,4,424,0.94%,16.14
https://belmobile.be/nl/pages/samsung-galaxy-a03s-reparatie,4,310,1.29%,33.39
https://belmobile.be/nl/pages/iphone-13-pro-reparatie,4,295,1.36%,26.78
https://belmobile.be/pages/reparation-macbook-pro-14-m2-pro-m2-max,4,274,1.46%,19.83
https://belmobile.be/nl/pages/samsung-galaxy-z-fold4-reparatie,4,247,1.62%,46.49
https://belmobile.be/nl/pages/revendre-console,4,129,3.1%,49.63
https://belmobile.be/pages/revendre-sony-playstation-5,4,110,3.64%,9.67
https://belmobile.be/pages/revendre-y9-prime-2019,4,90,4.44%,16.37
https://belmobile.be/pages/revendre-console,4,78,5.13%,21.73
https://belmobile.be/pages/reparation-mate-20,4,69,5.8%,7.52
https://belmobile.be/pages/reparation-ipad-pro-9-7-2015,4,67,5.97%,12.24
https://belmobile.be/pages/reparation-xiaomi-13-lite,4,54,7.41%,12.07
https://belmobile.be/pages/revendre-galaxy-note-10-plus,4,39,10.26%,14.9
https://belmobile.be/nl/pages/iphone-x-reparatie,3,5203,0.06%,42.17
https://belmobile.be/nl/pages/galaxy-s7-edge-reparatie,3,3229,0.09%,31.12
https://belmobile.be/nl/pages/iphone-11-verkopen,3,1808,0.17%,56.83
https://belmobile.be/nl/pages/tablet-reparatie-brussel,3,666,0.45%,57.22
https://belmobile.be/pages/revendre-iphone-16-pro,3,481,0.62%,57.25
https://belmobile.be/pages/reparation-iphone-14,3,331,0.91%,8.27
https://belmobile.be/nl/pages/revendre-ps5,3,329,0.91%,50.56
https://belmobile.be/pages/reparation-samsung-galaxy-a30,3,318,0.94%,18
https://belmobile.be/nl/pages/redmi-note-12-pro-reparatie,3,287,1.05%,43.46
https://belmobile.be/pages/reparation-huawei,3,212,1.42%,20.24
https://belmobile.be/nl/pages/galaxy-s22-plus-verkopen,3,195,1.54%,46.21
https://belmobile.be/pages/revendre-mate-10,3,117,2.56%,23.96
https://belmobile.be/pages/revendre-galaxy-a21s,3,113,2.65%,14.73
https://belmobile.be/pages/revendre-galaxy-s7-edge,3,113,2.65%,16.88
https://belmobile.be/pages/revendre-galaxy-note-20-ultra,3,101,2.97%,12.36
https://belmobile.be/pages/reparation-xbox,3,98,3.06%,13.88
https://belmobile.be/pages/reparation-samsung-galaxy-watch-3,3,85,3.53%,9.69
https://belmobile.be/pages/reparation-samsung-galaxy-tab-active3,3,78,3.85%,13.99
https://belmobile.be/pages/revendre-samsung-galaxy-a55,3,68,4.41%,7.37
https://belmobile.be/pages/reparation-ipad-pro-12-9-2018,3,62,4.84%,24.53
https://belmobile.be/nl/pages/xiaomi-13-reparatie,3,57,5.26%,11.74
https://belmobile.be/nl/pages/verkopen-galaxy-s10-plus,3,55,5.45%,26.53
https://belmobile.be/pages/revendre-galaxy-z-fold4,3,42,7.14%,11.55
https://belmobile.be/nl/pages/galaxy-s23-plus-verkopen,3,39,7.69%,10.13
https://belmobile.be/nl/pages/jobs,3,33,9.09%,19.73
https://belmobile.be/nl/pages/iphone-12-pro-max-verkopen,2,5987,0.03%,38.38
https://belmobile.be/nl/pages/iphone-gegevens-herstellen-brussel,2,3290,0.06%,52.6
https://belmobile.be/nl/pages/iphone-12-pro-verkopen,2,2946,0.07%,40.1
https://belmobile.be/nl/pages/reparation-xbox,2,2129,0.09%,55.98
https://belmobile.be/nl/pages/galaxy-s10-verkopen,2,1531,0.13%,38.36
https://belmobile.be/nl/pages/iphone-13-mini-verkopen,2,1367,0.15%,20.21
https://belmobile.be/nl/pages/galaxy-s20-fe-verkopen,2,1334,0.15%,28.44
https://belmobile.be/nl/pages/reparation-switch-lite-bruxelles,2,1091,0.18%,29.51
https://belmobile.be/nl/pages/galaxy-a50-verkopen,2,974,0.21%,30.32
https://belmobile.be/nl/pages/reparation-samsung-galaxy-tab-s4-10-5,2,940,0.21%,41.39
https://belmobile.be/nl/pages/galaxy-a70-reparatie,2,930,0.22%,35.17
https://belmobile.be/nl/pages/iphone-15-verkopen,2,545,0.37%,65.35
https://belmobile.be/nl/pages/reparation-smartwatch,2,536,0.37%,21.57
https://belmobile.be/pages/revendre-galaxy-s21-plus,2,512,0.39%,15.36
https://belmobile.be/pages/revendre-p20-pro,2,338,0.59%,24.42
https://belmobile.be/nl/pages/iphone-15-pro-max-reparatie,2,335,0.6%,58.26
https://belmobile.be/nl/pages/express-reparatie-smartphone-tablet-en-computer-in-brussel,2,238,0.84%,20.69
https://belmobile.be/pages/reparation-galaxy-a80,2,199,1.01%,40.18
https://belmobile.be/pages/revendre-galaxy-a40,2,159,1.26%,11.75
https://belmobile.be/nl/pages/galaxy-a31-verkopen,2,144,1.39%,50.34
https://belmobile.be/pages/reparation-samsung-galaxy-watch-5,2,138,1.45%,10.23
https://belmobile.be/nl/pages/galaxy-a40-verkopen,2,119,1.68%,58.82
https://belmobile.be/nl/pages/reparation-xbox-series-x,2,79,2.53%,51.16
https://belmobile.be/pages/revendre-galaxy-s20,2,78,2.56%,15.32
https://belmobile.be/pages/envoyer-votre-appareil-en-reparation,2,70,2.86%,12.09
https://belmobile.be/pages/revendre-samsung-galaxy-a25,2,57,3.51%,9.11
https://belmobile.be/pages/revendre-galaxy-a41,2,55,3.64%,12.16
https://belmobile.be/pages/revendre-p40-pro,2,53,3.77%,14.87
https://belmobile.be/pages/revendre-galaxy-a42,2,40,5%,17.48
https://belmobile.be/pages/revendre-mate-20-lite,2,39,5.13%,15.03
https://belmobile.be/nl/pages/samsung-galaxy-s23-reparatie,2,38,5.26%,12.13
https://belmobile.be/nl/pages/reparation-samsung-galaxy-tab-s8-plus,2,36,5.56%,61.58
https://belmobile.be/pages/revendre-galaxy-z-fold2,2,35,5.71%,35.23
https://belmobile.be/nl/pages/samsung-galaxy-z-flip-5g-reparatie,2,23,8.7%,9.13
https://belmobile.be/nl/pages/galaxy-a21s-verkopen,2,17,11.76%,10
https://belmobile.be/nl/pages/iphone-15-plus-reparatie,2,16,12.5%,34
https://belmobile.be/nl/pages/hervatting-iphone-brussel,1,18344,0.01%,55.6
https://belmobile.be/nl/pages/iphone-xr-verkopen,1,3295,0.03%,58.72
https://belmobile.be/nl/pages/ups-access-point-belmobile-be,1,1763,0.06%,18.67
https://belmobile.be/nl/pages/galaxy-note-9-verkopen,1,1254,0.08%,43.79
https://belmobile.be/nl/pages/galaxy-note-9-reparatie,1,1026,0.1%,33.87
https://belmobile.be/nl/pages/iphone-13-pro-max-verkopen,1,921,0.11%,31.59
https://belmobile.be/nl/pages/reparation-ipad-air-4,1,915,0.11%,52.22
https://belmobile.be/pages/revendre-galaxy-s10-plus,1,818,0.12%,15.71
https://belmobile.be/nl/pages/galaxy-a41-reparatie,1,801,0.12%,31.86
https://belmobile.be/nl/pages/reparation-macbook-air-m2,1,698,0.14%,56.99
https://belmobile.be/nl/pages/galaxy-s21-ultra-verkopen,1,646,0.15%,40.4
https://belmobile.be/pages/revendre-galaxy-s21-fe,1,639,0.16%,14.87
https://belmobile.be/nl/pages/iphone-xr-reparatie,1,638,0.16%,38.17
https://belmobile.be/pages/reparation-ipad-bruxelles,1,636,0.16%,23.39
https://belmobile.be/nl/pages/galaxy-a71-reparatie,1,584,0.17%,37.41
https://belmobile.be/nl/pages/galaxy-a12-reparatie,1,505,0.2%,30.76
https://belmobile.be/nl/pages/galaxy-a12-verkopen,1,493,0.2%,23.29
https://belmobile.be/nl/pages/galaxy-a30s-reparatie,1,428,0.23%,22.52
https://belmobile.be/nl/pages/galaxy-a31-reparatie,1,377,0.27%,32.52
https://belmobile.be/nl/pages/galaxy-a41-verkopen,1,329,0.3%,35.84
https://belmobile.be/nl/pages/galaxy-s20-plus-verkopen,1,317,0.32%,63.74
https://belmobile.be/nl/pages/galaxy-s7-reparatie,1,291,0.34%,36.12
https://belmobile.be/nl/pages/p30-pro-reparatie,1,266,0.38%,41.26
https://belmobile.be/nl/pages/reparation-ipad-mini-6,1,254,0.39%,58.44
https://belmobile.be/pages/reparation-iphone-bruxelles-ville,1,190,0.53%,33.21
https://belmobile.be/nl/pages/reparation-ipad-air-5,1,169,0.59%,54.04
https://belmobile.be/nl/pages/reparation-galaxy-tab-s8,1,169,0.59%,62.5
https://belmobile.be/nl/pages/reparation-watch-series-8-41mm,1,168,0.6%,54.14
https://belmobile.be/pages/revendre-galaxy-a32,1,163,0.61%,11.21
https://belmobile.be/nl/pages/iphone-14-pro-max-reparatie,1,159,0.63%,36.5
https://belmobile.be/nl/pages/galaxy-s20-fe-reparatie,1,158,0.63%,52.08
https://belmobile.be/nl/pages/galaxy-a40-reparatie,1,152,0.66%,34.12
https://belmobile.be/pages/revendre-p-smart-pro-2019,1,148,0.68%,69.32
https://belmobile.be/nl/pages/galaxy-note-10-lite-verkopen,1,146,0.68%,60.01
https://belmobile.be/pages/revendre-galaxy-a72,1,140,0.71%,16.17
https://belmobile.be/nl/pages/galaxy-note-20-ultra-verkopen,1,121,0.83%,25.7
https://belmobile.be/nl/pages/galaxy-a32-reparatie,1,113,0.88%,40.19
https://belmobile.be/nl/pages/galaxy-s7-edge-verkopen,1,103,0.97%,29.14
https://belmobile.be/nl/pages/reparation-ipad-10,1,101,0.99%,44.03
https://belmobile.be/nl/pages/galaxy-a70-verkopen,1,99,1.01%,59.64
https://belmobile.be/pages/entreprises,1,94,1.06%,15.24
https://belmobile.be/nl/pages/galaxy-note-10-reparatie,1,85,1.18%,48.93
https://belmobile.be/pages/reparation-samsung-galaxy-tab-a-8-0-2019,1,84,1.19%,11.61
https://belmobile.be/pages/reparation-smartphone-xiaomi,1,79,1.27%,10.82
https://belmobile.be/nl/pages/galaxy-z-fold3-reparatie,1,75,1.33%,22.37
https://belmobile.be/nl/pages/galaxy-a32-verkopen,1,74,1.35%,39.54
https://belmobile.be/pages/reparation-iphone-16,1,72,1.39%,9.65
https://belmobile.be/nl/pages/xiaomi-reparatie-brussel,1,60,1.67%,9.2
https://belmobile.be/pages/reparation-watch-series-7-41mm,1,55,1.82%,9.89
https://belmobile.be/pages/reparation-ipad-pro-12-9-2021,1,47,2.13%,10.34
https://belmobile.be/pages/reparation-macbook-pro-16-m2-pro-m2-max,1,45,2.22%,11.78
https://belmobile.be/nl/pages/p-smart-pro-2019-verkopen,1,43,2.33%,45.72
https://belmobile.be/nl/pages/samsung-galaxy-a73-reparatie,1,42,2.38%,24.64
https://belmobile.be/pages/reparation-galaxy-a42,1,32,3.12%,13.91
https://belmobile.be/nl/pages/galaxy-note-10-lite-reparatie,1,31,3.23%,57.19
https://belmobile.be/nl/pages/reparation-iphone-16-pro,1,28,3.57%,17
https://belmobile.be/pages/revendre-samsung-galaxy-a35,1,26,3.85%,5.38
https://belmobile.be/nl/pages/galaxy-s7-verkopen,1,26,3.85%,38.15
https://belmobile.be/pages/reparation-samsung-galaxy-tab-s2-8-0,1,25,4%,20.88
https://belmobile.be/pages/revendre-galaxy-a02s,1,23,4.35%,30.09
https://belmobile.be/pages/revendre-galaxy-s9,1,22,4.55%,16.95
https://belmobile.be/nl/pages/samsung-galaxy-a04s-reparatie,1,21,4.76%,9.14
https://belmobile.be/nl/pages/poco-x5-reparatie,1,21,4.76%,9.48
https://belmobile.be/nl/pages/galaxy-a42-verkopen,1,21,4.76%,53.95
https://belmobile.be/nl/pages/laptop-reparaties,1,19,5.26%,43.63
https://belmobile.be/nl/pages/galaxy-a20s-reparatie,1,19,5.26%,61.16
https://belmobile.be/nl/pages/poco-x5-pro-reparatie,1,17,5.88%,9
https://belmobile.be/nl/pages/p40-pro-verkopen,1,15,6.67%,28.73
https://belmobile.be/nl/pages/mate-20-pro-reparatie,1,14,7.14%,26.79
https://belmobile.be/pages/revendre-galaxy-a30s,1,14,7.14%,39.93
https://belmobile.be/pages/reparation-p40,1,13,7.69%,10.85
https://belmobile.be/pages/revendre-galaxy-note-9,1,13,7.69%,12.92
https://belmobile.be/nl/pages/p40-verkopen,1,13,7.69%,44.38
https://belmobile.be/nl/pages/y9-prime-2019-reparatie,1,7,14.29%,6.71
https://belmobile.be/nl/pages/p40-lite-verkopen,1,3,33.33%,10.33
https://belmobile.be/nl/pages/galaxy-a80-verkopen,1,3,33.33%,12.67
https://belmobile.be/nl/pages/galaxy-s8-reparatie,1,3,33.33%,23.67
https://belmobile.be/nl/pages/galaxy-a20s-verkopen,1,3,33.33%,36
https://belmobile.be/pages/reparation-watch-series-7-45mm,1,1,100%,6
https://belmobile.be/nl/pages/iphone-11-pro-reparatie,0,8797,0%,66.79
https://belmobile.be/nl/pages/iphone-batterij-vervangen,0,3788,0%,50.94
https://belmobile.be/nl/pages/iphone-11-pro-max-verkopen,0,3573,0%,45.11
https://belmobile.be/nl/pages/iphone-x-verkopen,0,3432,0%,58.54
https://belmobile.be/nl/pages/iphone-se-2022-verkopen,0,2661,0%,60.22
https://belmobile.be/nl/pages/reparation-ordinateur,0,1977,0%,91.17
https://belmobile.be/nl/pages/iphone-12-pro-reparatie,0,1725,0%,51.71
https://belmobile.be/nl/pages/reparatie-apple-iphone,0,1499,0%,60.55
https://belmobile.be/nl/pages/reparatie-smartphone,0,1085,0%,89.61
https://belmobile.be/nl/pages/galaxy-s20-verkopen,0,1001,0%,52.35
https://belmobile.be/nl/pages/galaxy-note-20-verkopen,0,997,0%,14.32
https://belmobile.be/nl/pages/reparation-samsung-galaxy-tab-a-10-1-2019,0,986,0%,46.41
https://belmobile.be/nl/pages/iphone-12-verkopen,0,951,0%,50.31
https://belmobile.be/nl/pages/galaxy-z-fold2-verkopen,0,870,0%,56.94
https://belmobile.be/nl/pages/huawei-p20-pro-reparatie,0,848,0%,48.74
https://belmobile.be/nl/pages/p30-lite-reparatie,0,816,0%,56.57
https://belmobile.be/nl/pages/p30-reparatie,0,720,0%,42.13
https://belmobile.be/nl/pages/iphone-xs-max-verkopen,0,709,0%,44.13
https://belmobile.be/nl/pages/smartphone-deoxidatie-brussel,0,687,0%,60.62
https://belmobile.be/nl/pages/reparation-samsung-galaxy-tab-s3-9-7,0,636,0%,10.29
https://belmobile.be/nl/pages/reparatie-samsung-galaxy,0,628,0%,57.54
https://belmobile.be/nl/pages/galaxy-s9-reparatie,0,625,0%,47.29
https://belmobile.be/nl/pages/galaxy-note-8-verkopen,0,619,0%,29.47
https://belmobile.be/nl/pages/iphone-15-reparatie,0,595,0%,75.22
https://belmobile.be/nl/pages/iphone-xs-max-reparatie,0,589,0%,39.36
https://belmobile.be/nl/pages/galaxy-s8-plus-reparatie,0,586,0%,58.67
https://belmobile.be/nl/pages/p-smart-pro-2019-reparatie,0,574,0%,58.78
https://belmobile.be/nl/pages/galaxy-s9-plus-reparatie,0,517,0%,48.74
https://belmobile.be/nl/pages/galaxy-a50-reparatie,0,487,0%,49.65
https://belmobile.be/nl/pages/galaxy-s20-ultra-verkopen,0,437,0%,41.85
https://belmobile.be/nl/pages/galaxy-note-8-reparatie,0,429,0%,40.23
https://belmobile.be/nl/pages/iphone-15-plus-verkopen,0,418,0%,64.12
https://belmobile.be/nl/pages/galaxy-a02s-reparatie,0,408,0%,21.45
https://belmobile.be/nl/pages/galaxy-note-10-plus-verkopen,0,406,0%,26.71
https://belmobile.be/nl/pages/reparation-apple-watch,0,380,0%,55.13
https://belmobile.be/nl/pages/galaxy-a10-reparatie,0,359,0%,45.14
https://belmobile.be/nl/pages/iphone-13-pro-verkopen,0,350,0%,61.26
https://belmobile.be/pages/reparation-imac-21-5-2019,0,331,0%,63.02
https://belmobile.be/nl/pages/reparation-samsung-galaxy-tab-4-10-1,0,323,0%,47.26
https://belmobile.be/nl/pages/galaxy-s20-ultra-reparatie,0,294,0%,52.83
https://belmobile.be/nl/pages/reparatie-samsung-watch,0,290,0%,73.44
https://belmobile.be/nl/pages/reparation-ipad,0,264,0%,43.79
https://belmobile.be/nl/pages/galaxy-s20-plus-reparatie,0,262,0%,49.1
https://belmobile.be/nl/pages/galaxy-s21-reparatie,0,253,0%,65.74
https://belmobile.be/nl/pages/galaxy-a80-reparatie,0,252,0%,32.75
https://belmobile.be/nl/pages/reparation-ipad-pro-12-9-2020,0,248,0%,41.07
https://belmobile.be/nl/pages/prix-rachat-reprise-iphone-ipad-macbook,0,237,0%,43.5
https://belmobile.be/nl/pages/galaxy-a51-reparatie,0,237,0%,50.4
https://belmobile.be/nl/pages/galaxy-a42-reparatie,0,236,0%,53.51
https://belmobile.be/nl/pages/reparation-samsung-tab,0,236,0%,68.98
https://belmobile.be/nl/pages/samsung-galaxy-a20e-reparatie,0,223,0%,45.77
https://belmobile.be/nl/pages/galaxy-a21s-reparatie,0,220,0%,29.89
https://belmobile.be/nl/pages/galaxy-s10e-reparatie,0,208,0%,50.18
https://belmobile.be/nl/pages/reparation-macbook-air-13-2018-2020,0,191,0%,62.82
https://belmobile.be/nl/pages/galaxy-note-10-plus-reparatie,0,184,0%,59.54
https://belmobile.be/nl/pages/galaxy-note-20-ultra-reparatie,0,182,0%,50.31
https://belmobile.be/nl/pages/galaxy-s10-reparatie,0,179,0%,51.7
https://belmobile.be/nl/pages/galaxy-note-10-verkopen,0,172,0%,20.58
https://belmobile.be/nl/pages/tempo-orange-belmobile-be,0,170,0%,26.74
https://belmobile.be/nl/pages/galaxy-s8-verkopen,0,158,0%,29.18
https://belmobile.be/nl/pages/galaxy-a10-verkopen,0,156,0%,54.99
https://belmobile.be/nl/pages/reparation-ipad-9,0,152,0%,42.46
https://belmobile.be/nl/pages/reparation-ipad-mini-4,0,152,0%,51.64
https://belmobile.be/nl/pages/reparation-xbox-360-bruxelles,0,151,0%,45.81
https://belmobile.be/nl/pages/p20-reparatie,0,148,0%,64.36
https://belmobile.be/nl/pages/reparatie-smartphone-xiaomi,0,133,0%,46.75
https://belmobile.be/nl/pages/galaxy-a72-reparatie,0,132,0%,38.73
https://belmobile.be/nl/pages/reparation-ipad-mini-5,0,129,0%,38.09
https://belmobile.be/nl/pages/reparation-ipad-pro-12-9-2022,0,105,0%,51.49
https://belmobile.be/nl/pages/mate-20-lite-reparatie,0,104,0%,44.62
https://belmobile.be/nl/pages/reparation-ipad-pro-11-2022,0,104,0%,58.07
https://belmobile.be/nl/pages/reparation-samsung-galaxy-tab-s2-9-7,0,103,0%,42.86
https://belmobile.be/nl/pages/samsung-galaxy-a11-reparatie,0,102,0%,33.55
https://belmobile.be/nl/pages/galaxy-s20-reparatie,0,95,0%,42.88
https://belmobile.be/nl/pages/reparation-ipad-pro-11-2021,0,93,0%,41.37
https://belmobile.be/nl/pages/galaxy-a22-verkopen,0,92,0%,66.24
https://belmobile.be/nl/pages/galaxy-s8-plus-verkopen,0,82,0%,36.05
https://belmobile.be/nl/pages/reparation-watch-series-8-45mm-bruxelles,0,79,0%,27.58
https://belmobile.be/nl/pages/reparation-samsung-galaxy-watch-5,0,79,0%,35.48
https://belmobile.be/nl/pages/galaxy-a72-verkopen,0,77,0%,67.61
https://belmobile.be/nl/pages/sim-activatie,0,74,0%,28.27
https://belmobile.be/nl/pages/reparatie-tablet,0,71,0%,70.99
https://belmobile.be/nl/pages/mi-11-reparatie,0,69,0%,47.12
https://belmobile.be/nl/pages/reparatie-huawei,0,69,0%,50.55
https://belmobile.be/nl/pages/y7-pro-2018-reparatie,0,67,0%,20.54
https://belmobile.be/nl/pages/p30-pro-verkopen,0,66,0%,19.95
https://belmobile.be/nl/pages/reparation-imac-24-m1,0,66,0%,50.62
https://belmobile.be/nl/pages/iphone-14-pro-tarieven-reparatie,0,60,0%,47.73
https://belmobile.be/nl/pages/imac-macbook-reparatie,0,58,0%,68.98
https://belmobile.be/pages/reparation-samsung-galaxy-a11,0,56,0%,16.2
https://belmobile.be/nl/pages/reparation-macbook-pro-14-m2-pro-m2-max,0,55,0%,49.85
https://belmobile.be/pages/reparations-imac-macbook,0,53,0%,44.11
https://belmobile.be/nl/pages/galaxy-note-20-reparatie,0,51,0%,44.33
https://belmobile.be/nl/pages/reparation-macbook-air-m1,0,50,0%,63.1
https://belmobile.be/pages/revendre-galaxy-a12,0,48,0%,9.62
https://belmobile.be/nl/pages/galaxy-s9-plus-verkopen,0,48,0%,29.31
https://belmobile.be/nl/pages/samsung-galaxy-a24-reparatie,0,46,0%,17.11
https://belmobile.be/nl/pages/galaxy-a22-reparatie,0,46,0%,22.02
https://belmobile.be/nl/pages/reparation-samsung-galaxy-tab-s7,0,46,0%,54.3
https://belmobile.be/nl/pages/galaxy-s21-plus-verkopen,0,45,0%,57.29
https://belmobile.be/nl/pages/reparation-ipad-mini-3,0,43,0%,47.12
https://belmobile.be/pages/revendre-galaxy-a31,0,42,0%,35.71
https://belmobile.be/nl/pages/revendre-tablette,0,41,0%,57.41
https://belmobile.be/pages/revendre-galaxy-a20s,0,40,0%,12.25
https://belmobile.be/nl/pages/neem-contact-met-ons-op,0,39,0%,5.85
https://belmobile.be/nl/pages/galaxy-z-fold-verkopen,0,39,0%,19.26
https://belmobile.be/nl/pages/samsung-galaxy-s22-reparatie,0,38,0%,40.42
https://belmobile.be/pages/reparation-galaxy-a20s,0,38,0%,55.71
https://belmobile.be/nl/pages/galaxy-a30s-verkopen,0,34,0%,51.62
https://belmobile.be/nl/pages/iphone-14-verkopen,0,34,0%,69
https://belmobile.be/nl/pages/reparation-ipad-pro-12-9-2021,0,32,0%,31.12
https://belmobile.be/nl/pages/galaxy-s21-fe-reparatie,0,29,0%,8.34
https://belmobile.be/pages/revendre-galaxy-a80,0,29,0%,10.59
https://belmobile.be/nl/pages/galaxy-a20-verkopen,0,27,0%,39.41
https://belmobile.be/nl/pages/p40-lite-reparatie,0,26,0%,32.96
https://belmobile.be/nl/pages/samsung-galaxy-s23-plus-reparatie,0,25,0%,21.44
https://belmobile.be/nl/pages/p40-lite-e-verkopen,0,25,0%,52.08
https://belmobile.be/pages/reparation-ipad-mini-3,0,24,0%,19.08
https://belmobile.be/nl/pages/galaxy-a71-verkopen,0,22,0%,20.14
https://belmobile.be/nl/pages/revendre-samsung-galaxy-a15,0,21,0%,8.62
https://belmobile.be/nl/pages/revendre-iphone-16-pro-max,0,21,0%,20.33
https://belmobile.be/nl/pages/reparation-ipad-air-3,0,21,0%,27.62
https://belmobile.be/pages/reparation-p40-lite-e,0,21,0%,30.62
https://belmobile.be/nl/pages/redmi-12c-reparatie,0,20,0%,7.6
https://belmobile.be/nl/pages/iphone-15-pro-reparatie,0,20,0%,15.2
https://belmobile.be/pages/reparation-imac-27-2020,0,20,0%,29.2
https://belmobile.be/nl/pages/revendre-samsung-galaxy-a54,0,20,0%,79.95
https://belmobile.be/pages/revendre-galaxy-note-8,0,19,0%,11.84
https://belmobile.be/nl/pages/reparatie-iphone-oplaadconnector,0,19,0%,59.16
https://belmobile.be/nl/pages/reparation-ipad-pro-10-5-2017,0,18,0%,34.67
https://belmobile.be/nl/pages/reparation-ipad-pro-11-2018,0,18,0%,41.44
https://belmobile.be/nl/pages/reparation-samsung-galaxy-tab-a-8-0-2019,0,17,0%,12.88
https://belmobile.be/pages/revendre-p40,0,16,0%,10.81
https://belmobile.be/nl/pages/p20-verkopen,0,16,0%,32.25
https://belmobile.be/nl/pages/faq-veelgestelde-vragen,0,15,0%,43.27
https://belmobile.be/nl/pages/galaxy-z-flip3-reparatie,0,14,0%,18.64
https://belmobile.be/nl/pages/revendre-samsung-galaxy-a25,0,13,0%,11.54
https://belmobile.be/nl/pages/p20-pro-verkopen,0,13,0%,26.85
https://belmobile.be/nl/pages/galaxy-a20-reparatie,0,13,0%,33.54
https://belmobile.be/nl/pages/reparation-ipad-pro-9-7-2015,0,13,0%,59.54
https://belmobile.be/pages/revendre-galaxy-note-10-lite,0,12,0%,9.5
https://belmobile.be/nl/pages/iphone-14-plus-reparatie,0,11,0%,24.55
https://belmobile.be/nl/pages/reparation-ipad-pro-12-9-2018,0,10,0%,7.1
https://belmobile.be/nl/pages/envoyer-appareil-vendre-recycler,0,10,0%,19.4
https://belmobile.be/pages/revendre-p40-lite,0,9,0%,10.67
https://belmobile.be/nl/pages/reparation-samsung-galaxy-tab-e-9-6,0,9,0%,24
https://belmobile.be/nl/pages/iphone-11-pro-max-reparatie,0,9,0%,39.22
https://belmobile.be/nl/pages/galaxy-z-flip3-verkopen,0,9,0%,65.44
https://belmobile.be/nl/pages/reparation-samsung-galaxy-tab-4-7-0,0,9,0%,69
https://belmobile.be/pages/reparation-samsung-galaxy-a10s,0,8,0%,4.88
https://belmobile.be/nl/pages/mate-20-pro-verkopen,0,8,0%,6.75
https://belmobile.be/fr/pages/reparation-smartphone-bruxelles,0,8,0%,8.75
https://belmobile.be/pages/revendre-p40-lite-e,0,8,0%,11.5
https://belmobile.be/pages/revendre-iphone-16-plus,0,8,0%,30.12
https://belmobile.be/nl/pages/reparation-macbook-pro-16-m2-pro-m2-max,0,8,0%,38.62
https://belmobile.be/nl/pages/galaxy-s10e-verkopen,0,8,0%,48.75
https://belmobile.be/nl/pages/mate-10-reparatie,0,8,0%,54.12
https://belmobile.be/nl/pages/revendre-galaxy-s23-fe,0,7,0%,7.29
https://belmobile.be/pages/revendre-y7-pro-2018,0,7,0%,8.43
https://belmobile.be/pages/revendre-y9-2019,0,7,0%,16.86
https://belmobile.be/nl/pages/reparation-ipad-pro-11-2020,0,7,0%,41.71
https://belmobile.be/nl/pages/p40-lite-e-reparatie,0,7,0%,54.71
https://belmobile.be/nl/pages/mate-10-verkopen,0,7,0%,72.86
https://belmobile.be/pages/copy-of-revendre-iphone-15,0,6,0%,7
https://belmobile.be/nl/pages/reparation-iphone-16,0,6,0%,8
https://belmobile.be/nl/pages/mi-11-lite-reparatie,0,6,0%,8.33
https://belmobile.be/nl/pages/redmi-11a-reparatie,0,6,0%,8.5
https://belmobile.be/nl/pages/xiaomi-13-pro-reparatie,0,6,0%,9
https://belmobile.be/nl/pages/iphone-xs-reparatie,0,6,0%,17.67
https://belmobile.be/nl/pages/iphone-14-reparatie,0,6,0%,20.67
https://belmobile.be/nl/pages/reparation-samsung-galaxy-tab-s2-8-0,0,6,0%,23
https://belmobile.be/nl/pages/reparation-ipad-8,0,6,0%,41.5
https://belmobile.be/nl/pages/y7-pro-2018-verkopen,0,6,0%,65.33
https://belmobile.be/nl/pages/p40-pro-reparatie,0,6,0%,72.5
https://belmobile.be/nl/pages/reparation-watch-series-7-41mm,0,5,0%,6.2
https://belmobile.be/nl/pages/revendre-samsung-galaxy-a55,0,5,0%,8
https://belmobile.be/nl/pages/galaxy-s10-plus-reparatie,0,5,0%,25.8
https://belmobile.be/pages/reparation-ipad-pro-11-2020,0,4,0%,5.5
https://belmobile.be/pages/revendre-galaxy-note-20,0,4,0%,5.75
https://belmobile.be/nl/pages/iphone-14-plus-verkopen,0,3,0%,8.67
https://belmobile.be/nl/pages/xiamoi-13-lite-reparatie,0,3,0%,29
https://belmobile.be/pages/track-order,0,2,0%,3.5
https://belmobile.be/nl/pages/reparation-macbook-air-13-2010-2017,0,2,0%,5
https://belmobile.be/nl/pages/y9-prime-2019-verkopen,0,2,0%,5
https://belmobile.be/pages/raq-quote-list-wt,0,2,0%,5
https://belmobile.be/pages/reparation-macbook-pro-13-m2,0,2,0%,9.5
https://belmobile.be/nl/pages/samsung-galaxy-a10s-reparatie,0,2,0%,10
https://belmobile.be/nl/pages/revendre-iphone-16-pro,0,2,0%,10.5
https://belmobile.be/fr/pages/grossiste-accessoires-gsm-smartphone-tablettte-bruxelles,0,2,0%,12.5
https://belmobile.be/nl/pages/mate-10-pro-verkopen,0,2,0%,18.5
https://belmobile.be/nl/pages/bedrijven,0,2,0%,37
https://belmobile.be/pages/revendre-y9-2018,0,2,0%,86
https://belmobile.be/pages/cas/reparation-iphone-x,0,1,0%,1
https://belmobile.be/pages/reparation-iphone-12-pro-max),0,1,0%,1
https://belmobile.be/pages/tarifs-reparation-iphone-14-pro-max,0,1,0%,1
https://belmobile.be/nl/pages/mi-11-pro-reparatie,0,1,0%,2
https://belmobile.be/nl/pages/kies-uw-apparaat,0,1,0%,3
https://belmobile.be/pages/reparation-samsung-galaxy-s21-ultra),0,1,0%,3
https://belmobile.be/pages/reparation-y9-2019,0,1,0%,3
https://belmobile.be/nl/pages/samsung-galaxy-a30-reparatie,0,1,0%,5
https://belmobile.be/nl/pages/stuur-uw-toestel-voor-reparatie,0,1,0%,6
https://belmobile.be/nl/pages/p30-lite-verkopen,0,1,0%,7
https://belmobile.be/pages/reparation-galaxy-s21-ultra,0,1,0%,7
https://belmobile.be/nl/pages/revendre-apple-ipad,0,1,0%,8
https://belmobile.be/pages/reparation-watch-series-8-41mm,0,1,0%,8
https://belmobile.be/nl/pages/reparation-iphone-16-pro-max,0,1,0%,9
https://belmobile.be/pages/revendre-mate-20,0,1,0%,9
https://belmobile.be/nl/pages/reparation-ipad-bruxelles,0,1,0%,13
https://belmobile.be/nl/pages/reparation-galaxy-a72,0,1,0%,15
https://belmobile.be/nl/pages/mate-10-pro-reparatie,0,1,0%,97